sted_raa,antall,kanonisk_sted,amt_lan,land
fredrikshald kjøpstad,5152,Fredrikshald kjøpstad,Smaalenenes amt,Norge
sverige,914,Sverige (uspesifisert),,Sverige
id sm,387,Idd herred,Smaalenenes amt,Norge
fredrikshald,238,Fredrikshald kjøpstad,Smaalenenes amt,Norge
berg sm,197,Berg herred,Smaalenenes amt,Norge
fr hald,181,Fredrikshald kjøpstad,Smaalenenes amt,Norge
kristiania,118,Christiania,Christiania amt,Norge
aremark sm,114,Aremark herred,Smaalenenes amt,Norge
frhald,97,Fredrikshald kjøpstad,Smaalenenes amt,Norge
f,95,Fredrikshald kjøpstad,Smaalenenes amt,Norge
rakkestad sm,77,Rakkestad herred,Smaalenenes amt,Norge
christiania,72,Christiania,Christiania amt,Norge
skjeberg sm,70,Skjeberg herred,Smaalenenes amt,Norge
berg sogn sm,45,Berg herred,Smaalenenes amt,Norge
tistedalen sm,45,Tistedalen,Smaalenenes amt,Norge
sverge,45,Sverige (uspesifisert),,Sverige
asak sm,40,Berg herred,Smaalenenes amt,Norge
id,40,Idd herred,Smaalenenes amt,Norge
id sogn sm,37,Idd herred,Smaalenenes amt,Norge
dalsland,37,Dalsland,Älvsborgs län (Dalsland),Sverige
drammen bu,36,Drammen,Buskeruds amt,Norge
fredriksstad sm,35,Fredrikstad kjøpstad,Smaalenenes amt,Norge
fredrikstad sm,33,Fredrikstad kjøpstad,Smaalenenes amt,Norge
sarpsborg sm,30,Sarpsborg kjøpstad,Smaalenenes amt,Norge
ødemark sm,30,Ødemark herred,Smaalenenes amt,Norge
hvaler sm,29,Hvaler herred,Smaalenenes amt,Norge
moss sm,29,Moss kjøpstad,Smaalenenes amt,Norge
rokke sm,29,Berg herred,Smaalenenes amt,Norge
strømstad,26,Strømstad,Göteborgs och Bohus län,Sverige
borge sm,24,Borge herred,Smaalenenes amt,Norge
berg smaalenene sm,23,Berg herred,Smaalenenes amt,Norge
tune sm,23,Tune herred,Smaalenenes amt,Norge
berg sml,22,Berg herred,Smaalenenes amt,Norge
eidsberg sm,20,Eidsberg herred,Smaalenenes amt,Norge
fr-hald,20,Fredrikshald kjøpstad,Smaalenenes amt,Norge
berg smålenene sm,19,Berg herred,Smaalenenes amt,Norge
enningdalen sm,19,Idd herred,Smaalenenes amt,Norge
gøteborg,18,Gøteborg,Göteborgs och Bohus län,Sverige
bergs sogn sm,18,Berg herred,Smaalenenes amt,Norge
berg smaalenene,18,Berg herred,Smaalenenes amt,Norge
sponvigen sm,18,Berg herred,Smaalenenes amt,Norge
ed sverige,18,Ed,Älvsborgs län (Dalsland),Sverige
bergen,17,Bergen,Bergen,Norge
hvaløerne sm,17,Hvaler herred,Smaalenenes amt,Norge
berg smaal,16,Berg herred,Smaalenenes amt,Norge
sverrige,16,Sverige (uspesifisert),,Sverige
holmestrand jl,15,Holmestrand,Jarlsberg og Larviks amt,Norge
tønsberg jl,15,Tønsberg,Jarlsberg og Larviks amt,Norge
fredrikstad,15,Fredrikstad kjøpstad,Smaalenenes amt,Norge
eningdalen sm,15,Idd herred,Smaalenenes amt,Norge
dalsland sverige,15,Dalsland,Älvsborgs län (Dalsland),Sverige
danmark,15,Danmark,,Danmark
t fredrikshald,14,Fredrikshald kjøpstad,Smaalenenes amt,Norge
s odalen hed,13,S Odalen,Hedemarkens amt,Norge
fr stad sm,13,Fredrikstad kjøpstad,Smaalenenes amt,Norge
tistedalen,13,Tistedalen,Smaalenenes amt,Norge
trondhjem st,13,Trondheim,Søndre Trondhjems amt,Norge
dahlsland sverige,13,Dahlsland,Älvsborgs län (Dalsland),Sverige
bergs herred sm,12,Berg herred,Smaalenenes amt,Norge
elfsborgs län,12,Elfsborg,Älvsborgs län (Dalsland),Sverige
skien brb,11,Skien,Bratsberg amt,Norge
elverum hed,11,Elverum,Hedemarkens amt,Norge
glemminge sm,11,Glemminge herred,Smaalenenes amt,Norge
høland ak,10,Høland,Akershus amt,Norge
gøteborg sverige,10,Gøteborg,Göteborgs och Bohus län,Sverige
lom krs,10,Lom,Kristians amt,Norge
berg smålenene,10,Berg herred,Smaalenenes amt,Norge
berg smaalen,10,Berg herred,Smaalenenes amt,Norge
bergsogn sm,10,Berg herred,Smaalenenes amt,Norge
fredrikshal,10,Fredrikshald kjøpstad,Smaalenenes amt,Norge
onsø sm,10,Onsøy herred,Smaalenenes amt,Norge
finland,10,Finland,,Finland
tyskland,10,Det tyske keiserrike,,Det tyske keiserrike
eidsvold ak,9,Eidsvold,Akershus amt,Norge
porsgrund brb,9,Porsgrund,Bratsberg amt,Norge
chr ania,9,Christiania,Christiania amt,Norge
bohuslæn,9,Bohuslän,Göteborgs och Bohus län,Sverige
lommeland sverige,9,Lommeland,Göteborgs och Bohus län,Sverige
faaberg krs,9,Faaberg,Kristians amt,Norge
arendal ned,9,Arendal,Nedenes amt,Norge
aremark,9,Aremark herred,Smaalenenes amt,Norge
berg sogn smaalenene,9,Berg herred,Smaalenenes amt,Norge
berg i smålenene sm,9,Berg herred,Smaalenenes amt,Norge
t frhald,9,Fredrikshald kjøpstad,Smaalenenes amt,Norge
fredriksald,9,Fredrikshald kjøpstad,Smaalenenes amt,Norge
ide herred sm,9,Idd herred,Smaalenenes amt,Norge
enebak ak,8,Enebak,Akershus amt,Norge
lillestrømmen ak,8,Lillestrømmen,Akershus amt,Norge
hammerfest fim,8,Hammerfest,Finmarkens amt,Norge
horten jl,8,Horten,Jarlsberg og Larviks amt,Norge
t fr hald,8,Fredrikshald kjøpstad,Smaalenenes amt,Norge
i fredrikshald,8,Fredrikshald kjøpstad,Smaalenenes amt,Norge
id sm norge,8,Idd herred,Smaalenenes amt,Norge
vermland sverige,8,Vermland,Värmlands län,Sverige
nøsemark sverige,8,Nøsemark,Älvsborgs län (Dalsland),Sverige
sverig,8,Sverige (uspesifisert),,Sverige
drøbak ak,7,Drøbak,Akershus amt,Norge
bohuslen,7,Bohuslän,Göteborgs och Bohus län,Sverige
bohuslän,7,Bohuslän,Göteborgs och Bohus län,Sverige
skee sverige,7,Skee,Göteborgs och Bohus län,Sverige
eidskogen hed,7,Eidskogen,Hedemarkens amt,Norge
vaage krs,7,Vaage,Kristians amt,Norge
berg smaal sm,7,Berg herred,Smaalenenes amt,Norge
bjørnstad id sm,7,Idd herred,Smaalenenes amt,Norge
marker sm,7,Marker herred,Smaalenenes amt,Norge
skeberg sm,7,Skjeberg herred,Smaalenenes amt,Norge
ømark sm,7,Smaalenenes amt (uspesifisert),Smaalenenes amt,Norge
stavanger,7,Stavanger,Stavanger amt,Norge
kragerø brb,6,Kragerø,Bratsberg amt,Norge
hønefos bu,6,Hønefoss,Buskeruds amt,Norge
kongsberg bu,6,Kongsberg,Buskeruds amt,Norge
naverstad sverige,6,Naverstad,Göteborgs och Bohus län,Sverige
larvik jl,6,Larvik,Jarlsberg og Larviks amt,Norge
askim sm,6,Askim herred,Smaalenenes amt,Norge
frehald,6,Fredrikshald kjøpstad,Smaalenenes amt,Norge
fre hald,6,Fredrikshald kjøpstad,Smaalenenes amt,Norge
gleminge sm,6,Glemminge herred,Smaalenenes amt,Norge
id sogn,6,Idd herred,Smaalenenes amt,Norge
rokke berg sm,6,Berg herred,Smaalenenes amt,Norge
raade sm,6,Råde herred,Smaalenenes amt,Norge
spydeberg sm,6,Spydeberg herred,Smaalenenes amt,Norge
trøgstad sm,6,Trøgstad herred,Smaalenenes amt,Norge
varteig sm,6,Varteig herred,Smaalenenes amt,Norge
sandnæs sta,6,Sandnæs,Stavanger amt,Norge
vermland,6,Värmland,Värmlands län,Sverige
vaarvik,6,Vaarvik,Värmlands län,Sverige
mellerud,6,Mellerud,Älvsborgs län (Dalsland),Sverige
næs på romerike ak,5,Næs På Romerike,Akershus amt,Norge
østre aker ak,5,Østre Aker,Akershus amt,Norge
aas ak,5,Aas,Akershus amt,Norge
nore prestegaard bu,5,Nore,Buskeruds amt,Norge
bohuslehn,5,Bohuslän,Göteborgs och Bohus län,Sverige
udevalla,5,Udevalla,Göteborgs och Bohus län,Sverige
hogdal sverige,5,Hogdal,Göteborgs och Bohus län,Sverige
lommeland,5,Lommeland,Göteborgs och Bohus län,Sverige
kongsvinger hed,5,Kongsvinger,Hedemarkens amt,Norge
ringsaker hed,5,Ringsaker,Hedemarkens amt,Norge
levanger nt,5,Levanger,Nordre Trondhjems amt,Norge
aalesund rom,5,Ålesund,Romsdals amt,Norge
aremark sml,5,Aremark herred,Smaalenenes amt,Norge
frhall,5,Fredrikshald kjøpstad,Smaalenenes amt,Norge
rakkestad sml,5,Rakkestad herred,Smaalenenes amt,Norge
skjeberg sml,5,Skjeberg herred,Smaalenenes amt,Norge
tune sogn sm,5,Tune herred,Smaalenenes amt,Norge
throndhjem st,5,Trondheim,Søndre Trondhjems amt,Norge
elfsborgs lehn,5,Elfsborg,Älvsborgs län (Dalsland),Sverige
frendefors sverige,5,Frendefor,Älvsborgs län (Dalsland),Sverige
vänersborg sverige,5,Vänersborg,Älvsborgs län (Dalsland),Sverige
ed,5,Ed,Älvsborgs län (Dalsland),Sverige
nøssemark,5,Nøssemark,Älvsborgs län (Dalsland),Sverige
nøssemarken sverige,5,Nössemark,Älvsborgs län (Dalsland),Sverige
skollerud sogn sverige,5,Skollerud,Älvsborgs län (Dalsland),Sverige
østergøtlan,5,Östergötland,Östergötlands län,Sverige
sverje,5,Sverige (uspesifisert),,Sverige
amerika,5,USA,,USA
vestby ak,4,Vestby,Akershus amt,Norge
byen brevik brb,4,Brevik,Bratsberg amt,Norge
modum bu,4,Modum,Buskeruds amt,Norge
xania,4,Christiania,Christiania amt,Norge
bohuslehn sverige,4,Bohuslehn,Göteborgs och Bohus län,Sverige
bohuslän sverige,4,Bohuslän,Göteborgs och Bohus län,Sverige
gøteborg sverge,4,Gøteborg,Göteborgs och Bohus län,Sverige
lomeland sverige,4,Lomeland,Göteborgs och Bohus län,Sverige
tolgen hed,4,Tolgen,Hedemarkens amt,Norge
vinger hed,4,Vinger,Hedemarkens amt,Norge
aamot hed,4,Aamot,Hedemarkens amt,Norge
fredriksværn jl,4,Fredriksvern,Jarlsberg og Larviks amt,Norge
sandefjord jl,4,Sandefjord,Jarlsberg og Larviks amt,Norge
slagen jl,4,Slagen,Jarlsberg og Larviks amt,Norge
tjømø jl,4,Tjømø,Jarlsberg og Larviks amt,Norge
lillehammer krs,4,Lillehammer,Kristians amt,Norge
n fron krs,4,N Fron,Kristians amt,Norge
øier krs,4,Øier,Kristians amt,Norge
tvedestrand ned,4,Tvedestrand,Nedenes amt,Norge
asak sogn sm,4,Berg herred,Smaalenenes amt,Norge
berg smaalene,4,Berg herred,Smaalenenes amt,Norge
borge sml,4,Borge herred,Smaalenenes amt,Norge
borge smaalenene,4,Borge herred,Smaalenenes amt,Norge
esberg sm,4,Eidsberg herred,Smaalenenes amt,Norge
frederikshald,4,Fredrikshald kjøpstad,Smaalenenes amt,Norge
fredrikshall,4,Fredrikshald kjøpstad,Smaalenenes amt,Norge
glemminge sml,4,Glemminge herred,Smaalenenes amt,Norge
id sognets sm,4,Idd herred,Smaalenenes amt,Norge
ide sogn sm,4,Idd herred,Smaalenenes amt,Norge
kirkeøen hvaler sm,4,Hvaler herred,Smaalenenes amt,Norge
krokenebet sm,4,Skjeberg herred,Smaalenenes amt,Norge
moss,4,Moss kjøpstad,Smaalenenes amt,Norge
sarpsborg,4,Sarpsborg kjøpstad,Smaalenenes amt,Norge
skjæberg sm,4,Berg herred,Smaalenenes amt,Norge
thune sm,4,Tune herred,Smaalenenes amt,Norge
ullerød sm,4,Onsøy herred,Smaalenenes amt,Norge
egersund sta,4,Egersund,Stavanger amt,Norge
haugesund sta,4,Haugesund,Stavanger amt,Norge
norge,4,Ukjent,Ukjent,Norge
filipstad sverige,4,Filipstad,Värmlands län,Sverige
vermeland,4,Värmland,Värmlands län,Sverige
wermland,4,Värmland,Värmlands län,Sverige
wermeland,4,Värmland,Värmlands län,Sverige
elfsborgslæn,4,Elfsborg,Älvsborgs län (Dalsland),Sverige
wennersborg,4,Wennersborg,Älvsborgs län (Dalsland),Sverige
aamål sverige,4,Aamål,Älvsborgs län (Dalsland),Sverige
dalskog sverige,4,Dalskog,Älvsborgs län (Dalsland),Sverige
høgset posterat sverige,4,Høgset,Älvsborgs län (Dalsland),Sverige
mellerud sverige,4,Mellerud,Älvsborgs län (Dalsland),Sverige
nøssemark sverige,4,Nøssemark,Älvsborgs län (Dalsland),Sverige
skollerud sverrige,4,Skollerud,Älvsborgs län (Dalsland),Sverige
toftedal sverige,4,Toftedal,Älvsborgs län (Dalsland),Sverige
tøftedal dalsland,4,Tøftedal,Älvsborgs län (Dalsland),Sverige
ørebro læn,4,Ørebro,Örebro län,Sverige
rusland,4,Det russiske keiserdømmet,,Det russiske keiserdømmet
sv,4,Sverige (uspesifisert),,Sverige
sverget,4,Sverige (uspesifisert),,Sverige
bærum ak,3,Bærum,Akershus amt,Norge
nannestad ak,3,Nannestad,Akershus amt,Norge
skedsmo ak,3,Skedsmo,Akershus amt,Norge
ullensager ak,3,Ullensager,Akershus amt,Norge
solum brb,3,Solum,Bratsberg amt,Norge
cristiania,3,Christiania,Christiania amt,Norge
bohuslen sverige,3,Bohuslen,Göteborgs och Bohus län,Sverige
høgen sverige,3,Høgen,Göteborgs och Bohus län,Sverige
skjærgard sverige,3,Skjærgard,Göteborgs och Bohus län,Sverige
uddevalla sverige,3,Uddevalla,Göteborgs och Bohus län,Sverige
nafverstad sverige,3,Nafverstad,Göteborgs och Bohus län,Sverige
naverstad,3,Naverstad,Göteborgs och Bohus län,Sverige
grue hed,3,Grue,Hedemarkens amt,Norge
stange hed,3,Stange,Hedemarkens amt,Norge
søndre odalen hed,3,Søndre Odalen,Hedemarkens amt,Norge
trysil hed,3,Trysil,Hedemarkens amt,Norge
vaaler i solør hed,3,Vaaler,Hedemarkens amt,Norge
aasnæs hed,3,Aasnæs,Hedemarkens amt,Norge
borre jl,3,Borre,Jarlsberg og Larviks amt,Norge
laurvig jl,3,Larvik,Jarlsberg og Larviks amt,Norge
laurvik jl,3,Larvik,Jarlsberg og Larviks amt,Norge
jønkøping,3,Jönköping,Jönköpings län,Sverige
lesje krs,3,Lesje,Kristians amt,Norge
flekkefjord lm,3,Flekkefjord,Lister og Mandals amt,Norge
kristiansand lm,3,Kristiansand,Lister og Mandals amt,Norge
kristiansand s lm,3,Kristiansand,Lister og Mandals amt,Norge
grimstad ned,3,Grimstad,Nedenes amt,Norge
lillesand ned,3,Lillesand,Nedenes amt,Norge
aremarks herred sm,3,Smaalenenes amt (uspesifisert),Smaalenenes amt,Norge
asak berg sm,3,Berg herred,Smaalenenes amt,Norge
berg sogn smaalenerne,3,Berg herred,Smaalenenes amt,Norge
berg sogn sml,3,Berg herred,Smaalenenes amt,Norge
berg i smålenene,3,Berg herred,Smaalenenes amt,Norge
borg sm,3,Borge herred,Smaalenenes amt,Norge
borge sogn sm,3,Borge herred,Smaalenenes amt,Norge
fr hald sm,3,Fredrikshald kjøpstad,Smaalenenes amt,Norge
fredrikshald sm,3,Fredrikshald kjøpstad,Smaalenenes amt,Norge
fhald,3,Fredrikshald kjøpstad,Smaalenenes amt,Norge
hobøl sm,3,Hobøl herred,Smaalenenes amt,Norge
hvaløerne sml,3,Hvaler herred,Smaalenenes amt,Norge
haabøl sml,3,Hobøl herred,Smaalenenes amt,Norge
id prestegjæld sm,3,Idd herred,Smaalenenes amt,Norge
enningedalen sm,3,Idd herred,Smaalenenes amt,Norge
id smaalens amt,3,Idd herred,Smaalenenes amt,Norge
id herred sm,3,Idd herred,Smaalenenes amt,Norge
id smaalene,3,Idd herred,Smaalenenes amt,Norge
rakestad præsteglæld sm,3,Rakkestad herred,Smaalenenes amt,Norge
rakstad sm,3,Rakkestad herred,Smaalenenes amt,Norge
rygge sm,3,Rygge herred,Smaalenenes amt,Norge
rygge sogn sm,3,Rygge herred,Smaalenenes amt,Norge
sannesund sm,3,Skjeberg herred,Smaalenenes amt,Norge
skjeberg herred sm,3,Skjeberg herred,Smaalenenes amt,Norge
valerøerne sm,3,Hvaler herred,Smaalenenes amt,Norge
vaaler sm,3,Våler herred,Smaalenenes amt,Norge
stockholm,3,Stockholm,Stockholms län,Sverige
bjurbeks brug sverige,3,Bjurbäcks bruk,Värmlands län,Sverige
dahlsland,3,Dalsland,Älvsborgs län (Dalsland),Sverige
elfsborg sverige,3,Elfsborg,Älvsborgs län (Dalsland),Sverige
elfsborgs len,3,Elfsborg,Älvsborgs län (Dalsland),Sverige
bullarn sverige,3,Bullarn,Älvsborgs län (Dalsland),Sverige
ed socken,3,Ed,Älvsborgs län (Dalsland),Sverige
ertemark sverige,3,Ertemark,Älvsborgs län (Dalsland),Sverige
gesäter,3,Gesäter,Älvsborgs län (Dalsland),Sverige
hodal sverige,3,Hodal,Älvsborgs län (Dalsland),Sverige
nøsemarken sverige,3,Nössemark,Älvsborgs län (Dalsland),Sverige
nøssemarka sverige,3,Nøssemarka,Älvsborgs län (Dalsland),Sverige
torsko sogn sverige,3,Torsko,Älvsborgs län (Dalsland),Sverige
tøftedal sverige,3,Tøftedal,Älvsborgs län (Dalsland),Sverige
tøftedalen sverige,3,Tøftedalen,Älvsborgs län (Dalsland),Sverige
waarvik sverige,3,Vårvik,Älvsborgs län (Dalsland),Sverige
ørebro län sverige,3,Ørebro,Örebro län,Sverige
kjøbenhavn,3,Danmark,,Danmark
swerige,3,Sverige (uspesifisert),,Sverige
ubekj,3,Ukjent,,Ukjent
asker ak,2,Asker,Akershus amt,Norge
asker sogn ak,2,Asker,Akershus amt,Norge
asker herred ak,2,Asker,Akershus amt,Norge
blaker ak,2,Blaker,Akershus amt,Norge
fet ak,2,Fet,Akershus amt,Norge
fetsund ak,2,Fetsund,Akershus amt,Norge
krogstad s ak,2,Krogstad S,Akershus amt,Norge
kraakstad ak,2,Kraakstad,Akershus amt,Norge
næsodden ak,2,Næsodden,Akershus amt,Norge
sørum ak,2,Sørum,Akershus amt,Norge
ullensaker,2,Ullensaker,Akershus amt,Norge
urskaug ak,2,Urskaug,Akershus amt,Norge
urskoug ak,2,Urskoug,Akershus amt,Norge
hole bu,2,Hole,Buskeruds amt,Norge
lier bu,2,Lier,Buskeruds amt,Norge
nedre eker bu,2,Nedre Eker,Buskeruds amt,Norge
chria,2,Christiania,Christiania amt,Norge
bohulen,2,Bohuslän,Göteborgs och Bohus län,Sverige
bohus lehn sverige,2,Bohus,Göteborgs och Bohus län,Sverige
bohuslæn sverige,2,Bohuslæn,Göteborgs och Bohus län,Sverige
krogstad bohuslæn sverige,2,Bohuslæn,Göteborgs och Bohus län,Sverige
fos herrets sverige,2,Fo,Göteborgs och Bohus län,Sverige
næssinge bohuslen,2,Næssinge Bohuslen,Göteborgs och Bohus län,Sverige
rommelanda sverige,2,Rommelanda,Göteborgs och Bohus län,Sverige
strand sverige,2,Strand,Göteborgs och Bohus län,Sverige
strømstad sverige,2,Strømstad,Göteborgs och Bohus län,Sverige
uddevalla,2,Uddevalla,Göteborgs och Bohus län,Sverige
hogdal,2,Hogdal,Göteborgs och Bohus län,Sverige
hogdal sverge,2,Hogdal,Göteborgs och Bohus län,Sverige
hogdals sogn sverige,2,Hogdal,Göteborgs och Bohus län,Sverige
haabysoken sverige,2,Håby,Göteborgs och Bohus län,Sverige
krogstad sverige,2,Krokstad,Göteborgs och Bohus län,Sverige
krokstad sogn sverige,2,Krokstad,Göteborgs och Bohus län,Sverige
krokstrand,2,Krokstrand,Göteborgs och Bohus län,Sverige
lur sogn sv sverige,2,Lur,Göteborgs och Bohus län,Sverige
lysekil sverige,2,Lysekil,Göteborgs och Bohus län,Sverige
nesinge sverige,2,Nesinge,Göteborgs och Bohus län,Sverige
nessing i sverige,2,Nessing,Göteborgs och Bohus län,Sverige
næsing,2,Näsinge,Göteborgs och Bohus län,Sverige
næsinge,2,Næsinge,Göteborgs och Bohus län,Sverige
næsinge sverige,2,Næsinge,Göteborgs och Bohus län,Sverige
näsinge sverige,2,Näsinge,Göteborgs och Bohus län,Sverige
næssinge sverige,2,Næssinge,Göteborgs och Bohus län,Sverige
ske sverige,2,Skee,Göteborgs och Bohus län,Sverige
ske sokken sverige,2,Skee,Göteborgs och Bohus län,Sverige
skee soken sverige,2,Skee,Göteborgs och Bohus län,Sverige
skee sogn sverige,2,Skee,Göteborgs och Bohus län,Sverige
eidsskogen hed,2,Eidsskogen,Hedemarkens amt,Norge
hedemarken,2,Uspesifisert,Hedemarkens amt,Norge
hof i solør hed,2,Hof,Hedemarkens amt,Norge
hof solør hed,2,Hof Solør,Hedemarkens amt,Norge
kongsvinger,2,Kongsvinger,Hedemarkens amt,Norge
næs hedmarken hed,2,Næs,Hedemarkens amt,Norge
rendalen hed,2,Rendalen,Hedemarkens amt,Norge
solør hed,2,Solør,Hedemarkens amt,Norge
veldre ringsaker hed,2,Veldre Ringsaker,Hedemarkens amt,Norge
vaaler solør hed,2,Vaaler Solør,Hedemarkens amt,Norge
winger hed,2,Winger,Hedemarkens amt,Norge
fredriksvern jl,2,Fredriksvern,Jarlsberg og Larviks amt,Norge
sandeherred jl,2,Sandeherred,Jarlsberg og Larviks amt,Norge
sem i jarlsberg,2,Sem,Jarlsberg og Larviks amt,Norge
tønsberg,2,Tønsberg,Jarlsberg og Larviks amt,Norge
aasgaardstrand jl,2,Aasgaardstrand,Jarlsberg og Larviks amt,Norge
biri krs,2,Biri,Kristians amt,Norge
birid krs,2,Birid,Kristians amt,Norge
gudbrandsdalen krs,2,Gudbrandsdalen,Kristians amt,Norge
kvikne krs,2,Kvikne,Kristians amt,Norge
nordre fron krs,2,Nordre Fron,Kristians amt,Norge
søndre fron,2,Søndre Fron,Kristians amt,Norge
cristiansand lm,2,Kristiansand,Lister og Mandals amt,Norge
kristianssand lm,2,Kristiansand,Lister og Mandals amt,Norge
kristianssand s lm,2,Kristiansand,Lister og Mandals amt,Norge
mandal lm,2,Mandal,Lister og Mandals amt,Norge
namsos nt,2,Namsos,Nordre Trondhjems amt,Norge
balsø prestgaard rom,2,Balsø Prestgaard,Romsdals amt,Norge
romsdalen,2,Uspesifisert,Romsdals amt,Norge
skaane sverige,2,Skaane,Skåne,Sverige
armark sm,2,Aremark herred,Smaalenenes amt,Norge
berg sogn i smaalenerne,2,Berg herred,Smaalenenes amt,Norge
berg i smaalenene,2,Berg herred,Smaalenenes amt,Norge
berg i sml sm,2,Berg herred,Smaalenenes amt,Norge
berg i smaalenene sm,2,Berg herred,Smaalenenes amt,Norge
bergs sogn smålenene,2,Berg herred,Smaalenenes amt,Norge
berg i smaalene sm,2,Berg herred,Smaalenenes amt,Norge
berg smalenene,2,Berg herred,Smaalenenes amt,Norge
berg smaalen sm,2,Berg herred,Smaalenenes amt,Norge
berg song sm,2,Berg herred,Smaalenenes amt,Norge
bergs song sm,2,Berg herred,Smaalenenes amt,Norge
bergsogn sml,2,Berg herred,Smaalenenes amt,Norge
baastad sm,2,Trøgstad herred,Smaalenenes amt,Norge
degernes sm,2,Degernes herred,Smaalenenes amt,Norge
fr shald,2,Fredrikshald kjøpstad,Smaalenenes amt,Norge
fredregshald,2,Fredrikshald kjøpstad,Smaalenenes amt,Norge
fr h,2,Fredrikshald kjøpstad,Smaalenenes amt,Norge
frstad sm,2,Fredrikstad kjøpstad,Smaalenenes amt,Norge
hvaløer sm,2,Hvaler herred,Smaalenenes amt,Norge
hvaløer sogn sm,2,Hvaler herred,Smaalenenes amt,Norge
hvalør sm,2,Hvaler herred,Smaalenenes amt,Norge
id landsogn sm,2,Idd herred,Smaalenenes amt,Norge
id prestegjeld sm,2,Idd herred,Smaalenenes amt,Norge
id prestegjeld,2,Idd herred,Smaalenenes amt,Norge
id prestejel sm,2,Idd herred,Smaalenenes amt,Norge
id præstegjæld sm,2,Idd herred,Smaalenenes amt,Norge
id song sm,2,Idd herred,Smaalenenes amt,Norge
enningdalen id smaalenene,2,Idd herred,Smaalenenes amt,Norge
idd sm,2,Idd herred,Smaalenenes amt,Norge
id sml,2,Idd herred,Smaalenenes amt,Norge
id smaalenene sm,2,Idd herred,Smaalenenes amt,Norge
id smålenene,2,Idd herred,Smaalenenes amt,Norge
kornsjø sm,2,Idd herred,Smaalenenes amt,Norge
maas sm,2,Moss kjøpstad,Smaalenenes amt,Norge
nøssemarks sm,2,Smaalenenes amt (uspesifisert),Smaalenenes amt,Norge
præstebakke sm,2,Smaalenenes amt (uspesifisert),Smaalenenes amt,Norge
rokke sogn sm,2,Berg herred,Smaalenenes amt,Norge
rødenæs sm,2,Rødenes herred,Smaalenenes amt,Norge
sarsborg sm,2,Sarpsborg kjøpstad,Smaalenenes amt,Norge
sasborg sm,2,Sarpsborg kjøpstad,Smaalenenes amt,Norge
sjeberg sm,2,Skjeberg herred,Smaalenenes amt,Norge
skibtvedt sm,2,Skiptvett herred,Smaalenenes amt,Norge
skjeberg sogn sm,2,Skjeberg herred,Smaalenenes amt,Norge
skjeberg,2,Skjeberg,Smaalenenes amt,Norge
sponviken berg sm,2,Berg herred,Smaalenenes amt,Norge
t byn,2,Fredrikshald kjøpstad,Smaalenenes amt,Norge
t id,2,Idd herred,Smaalenenes amt,Norge
t tistedalen fr sm,2,Tistedalen,Smaalenenes amt,Norge
tistedalen sm t,2,Tistedalen,Smaalenenes amt,Norge
torpedalen sm a,2,Berg herred,Smaalenenes amt,Norge
torpedalen berg i sm a,2,Berg herred,Smaalenenes amt,Norge
torsnæs sm,2,Smaalenenes amt (uspesifisert),Smaalenenes amt,Norge
skudesnæshavn sta,2,Skudesnæshavn,Stavanger amt,Norge
strand sverg,2,Strand,Stavanger amt,Norge
nykøping sverige,2,Nykøping,Södermanlands län,Sverige
karlstad,2,Karlstad,Värmlands län,Sverige
ny soken sverge,2,Ny socken,Värmlands län,Sverige
wermeland sverige,2,Wermeland,Värmlands län,Sverige
braalanda,2,Braalanda,Älvsborgs län (Dalsland),Sverige
bäkke socken dalsland,2,Dalsland,Älvsborgs län (Dalsland),Sverige
dahlsland sverig,2,Dahlsland,Älvsborgs län (Dalsland),Sverige
dalslan sverige,2,Dalsland,Älvsborgs län (Dalsland),Sverige
dalsland i sverige,2,Dalsland,Älvsborgs län (Dalsland),Sverige
elfsborg lehn,2,Elfsborg,Älvsborgs län (Dalsland),Sverige
elsborgs læn sverige,2,Elsborgs,Älvsborgs län (Dalsland),Sverige
elsborgs län sverige,2,Elsborgs,Älvsborgs län (Dalsland),Sverige
forsbakka brug sverige,2,Forsbakka,Älvsborgs län (Dalsland),Sverige
aamaal sverige,2,Aamaal,Älvsborgs län (Dalsland),Sverige
dals ed sverige,2,Ed,Älvsborgs län (Dalsland),Sverige
ed socken sverige,2,Ed,Älvsborgs län (Dalsland),Sverige
ed i sverige,2,Ed,Älvsborgs län (Dalsland),Sverige
dalsborg,2,Dalsborg,Älvsborgs län (Dalsland),Sverige
eds sogn sverige,2,Ed (Dals-Ed),Älvsborgs län (Dalsland),Sverige
dalskog,2,Dalskog,Älvsborgs län (Dalsland),Sverige
ertmark sverige,2,Ertmark,Älvsborgs län (Dalsland),Sverige
gesäter dalsland,2,Gesäter,Älvsborgs län (Dalsland),Sverige
gunnarsnæs sverige,2,Gunnarsnæ,Älvsborgs län (Dalsland),Sverige
holm socken sverige,2,Holm,Älvsborgs län (Dalsland),Sverige
høgsäter sverige,2,Högsäter,Älvsborgs län (Dalsland),Sverige
nøsemark,2,Nøsemark,Älvsborgs län (Dalsland),Sverige
nøssemark sverge,2,Nøssemark,Älvsborgs län (Dalsland),Sverige
nøssemarken,2,Nössemark,Älvsborgs län (Dalsland),Sverige
ryr sokken sverige,2,Ryr,Älvsborgs län (Dalsland),Sverige
rølanda sogn sverige,2,Rølanda,Älvsborgs län (Dalsland),Sverige
sillerud sogn sverige,2,Sillerud,Älvsborgs län (Dalsland),Sverige
sillerud sverige,2,Sillerud,Älvsborgs län (Dalsland),Sverige
stenby sverige,2,Stenby,Älvsborgs län (Dalsland),Sverige
steneby sverige,2,Steneby,Älvsborgs län (Dalsland),Sverige
stenneby sogn sverige,2,Stenneby,Älvsborgs län (Dalsland),Sverige
toftedalen sverige,2,Toftedal,Älvsborgs län (Dalsland),Sverige
upperud sverige,2,Upperud,Älvsborgs län (Dalsland),Sverige
ørebro,2,Ørebro,Örebro län,Sverige
norrkjøping sverige,2,Norrköping,Östergötlands län,Sverige
østergøtland,2,Østergøtland,Östergötlands län,Sverige
bayern,2,Det tyske keiserrike,,Det tyske keiserrike
england,2,England,,England
havre,2,Frankrike,,Frankrike
n,2,Ukjent,,Ukjent
odense danmark,2,Danmark,,Danmark
sværige,2,Sverige (uspesifisert),,Sverige
berum ak,1,Berum,Akershus amt,Norge
bærums verk ak,1,Bærums Verk,Akershus amt,Norge
drøbaks prgj,1,Drøbak,Akershus amt,Norge
eisvold ak,1,Eidsvold,Akershus amt,Norge
grorud,1,Grorud,Akershus amt,Norge
heggedal ak,1,Heggedal,Akershus amt,Norge
hurdalen ak,1,Hurdalen,Akershus amt,Norge
hølland ak,1,Høland,Akershus amt,Norge
krogstad ak,1,Krogstad,Akershus amt,Norge
krogstad bohuslen,1,Krogstad,Akershus amt,Norge
krokstad sogn ak,1,Krokstad,Akershus amt,Norge
kraagstad ak,1,Kraagstad,Akershus amt,Norge
kråkstad ak,1,Kråkstad,Akershus amt,Norge
kraakstad p gjæld ak,1,Kraakstad P Gjæld,Akershus amt,Norge
kråkstad pr gård ak,1,Kråkstad,Akershus amt,Norge
lian pr kr ania,1,Lian,Akershus amt,Norge
lysaker ak,1,Lysaker,Akershus amt,Norge
nannestad sogn ak,1,Nannestad,Akershus amt,Norge
nannestads prestehjæld ak,1,Nannestads Prestehjæld,Akershus amt,Norge
nanstad sogn ak,1,Nanstad,Akershus amt,Norge
nedre romerike norge,1,Uspesifisert,Akershus amt,Norge
nes på romerike ak,1,Nes På Romerike,Akershus amt,Norge
nes romerge ak,1,Nes Romerge,Akershus amt,Norge
næs ak,1,Næs,Akershus amt,Norge
næs paa romerike ak,1,Næs Paa Romerike,Akershus amt,Norge
næs romerike ak,1,Næs Romerike,Akershus amt,Norge
oppegård aker ak,1,Oppegård Aker,Akershus amt,Norge
relingen anex til fedt ak,1,Relingen Anex Til Fedt,Akershus amt,Norge
rommerige ak,1,Rommerige,Akershus amt,Norge
skesmo song ak,1,Skesmo,Akershus amt,Norge
ski ak,1,Ski,Akershus amt,Norge
soon ak,1,Soon,Akershus amt,Norge
udenæs paa øvere romerike ak,1,Udenæs Paa Øvere Romerike,Akershus amt,Norge
ulensaker ak,1,Ulensaker,Akershus amt,Norge
ullensaker ak,1,Ullensaker,Akershus amt,Norge
ulsager ak,1,Ulsager,Akershus amt,Norge
ulsaker ak,1,Ulsaker,Akershus amt,Norge
urskog ak,1,Urskog,Akershus amt,Norge
urskuog ak,1,Urskuog,Akershus amt,Norge
vestby sm amt ak,1,Vestby,Akershus amt,Norge
aas sogn ak,1,Aas,Akershus amt,Norge
høivaag pr bergen,1,Bergen,Bergen,Norge
blekkinelän,1,Blekinge,Blekinge län,Sverige
blekinge sverige,1,Blekinge,Blekinge län,Sverige
blekingelän,1,Blekinge,Blekinge län,Sverige
karlskrona sverige,1,Karlskrona,Blekinge län,Sverige
brevig brb,1,Brevig,Bratsberg amt,Norge
drangedal brb,1,Drangedal,Bratsberg amt,Norge
finnø brb,1,Finnø,Bratsberg amt,Norge
gjerpen brb,1,Gjerpen,Bratsberg amt,Norge
holden brb,1,Holden,Bratsberg amt,Norge
hollen sogn tellemarken brb,1,Hollen  Tellemarken,Bratsberg amt,Norge
kil pr kragerø brb,1,Kragerø,Bratsberg amt,Norge
landvik brb,1,Landvik,Bratsberg amt,Norge
langesund brb,1,Langesund,Bratsberg amt,Norge
lunde (telemarken) brb,1,Lunde (Telemarken),Bratsberg amt,Norge
siljord amosdal brb,1,Siljord Amosdal,Bratsberg amt,Norge
skien,1,Skien,Bratsberg amt,Norge
skien norge,1,Skien,Bratsberg amt,Norge
skaatø kragerø,1,Kragerø,Bratsberg amt,Norge
skaatø pr kragerø brb,1,Kragerø,Bratsberg amt,Norge
solum herred brb,1,Solum,Bratsberg amt,Norge
buskerud norge,1,Uspesifisert,Buskeruds amt,Norge
dramen bu,1,Dramen,Buskeruds amt,Norge
drammen norge,1,Drammen,Buskeruds amt,Norge
eker bu,1,Eker,Buskeruds amt,Norge
hallingdal bu,1,Hallingdal,Buskeruds amt,Norge
hole hønefos bu,1,Hønefoss,Buskeruds amt,Norge
hurum bu,1,Hurum,Buskeruds amt,Norge
kongsberg,1,Kongsberg,Buskeruds amt,Norge
krødsherred bu,1,Krødsherred,Buskeruds amt,Norge
lier herred bu,1,Lier,Buskeruds amt,Norge
lier song bu,1,Lier,Buskeruds amt,Norge
norderhov ringerike bu,1,Norderhov Ringerike,Buskeruds amt,Norge
næs i hallingdal bu,1,Næs,Buskeruds amt,Norge
næss i hallingdal bu,1,Næss,Buskeruds amt,Norge
ringerige bu,1,Ringerige,Buskeruds amt,Norge
ringerike bu,1,Ringerike,Buskeruds amt,Norge
røken bu,1,Røken,Buskeruds amt,Norge
sigdal bu,1,Sigdal,Buskeruds amt,Norge
tyristrand bu,1,Tyristrand,Buskeruds amt,Norge
øvre eker bu,1,Øvre Eker,Buskeruds amt,Norge
chi a,1,Christiania,Christiania amt,Norge
chr a,1,Christiania,Christiania amt,Norge
cr ania,1,Christiania,Christiania amt,Norge
chrania,1,Christiania,Christiania amt,Norge
sandviken ved christiania ak,1,Christiania,Christiania amt,Norge
xania bærum,1,Christiania,Christiania amt,Norge
falun sverige,1,Falun,Dalarnas län,Sverige
alten fim,1,Alten,Finmarkens amt,Norge
gefle,1,Gefle,Gävleborgs län,Sverige
gefle sverige,1,Gefle,Gävleborgs län,Sverige
gefleb län sverige,1,Gävleborg,Gävleborgs län,Sverige
jerpsjø i gefleborgs län sverige,1,Jerpsjö,Gävleborgs län,Sverige
valbo heret,1,Valbo,Gävleborgs län,Sverige
bjørke sverige,1,Bjørke,Göteborgs och Bohus län,Sverige
bjørks s bohus læn sverige,1,Bohus,Göteborgs och Bohus län,Sverige
bohus lehn,1,Bohuslän,Göteborgs och Bohus län,Sverige
bohus læn,1,Bohuslän,Göteborgs och Bohus län,Sverige
bohus len sverige,1,Bohus,Göteborgs och Bohus län,Sverige
bohus län sverige,1,Bohus,Göteborgs och Bohus län,Sverige
bohuslän sverig,1,Bohuslän,Göteborgs och Bohus län,Sverige
bouslen,1,Bohuslän,Göteborgs och Bohus län,Sverige
bouslæn sverige,1,Bouslæn,Göteborgs och Bohus län,Sverige
båhuslen,1,Bohuslän,Göteborgs och Bohus län,Sverige
bæve,1,Bäve,Göteborgs och Bohus län,Sverige
gjøteborg,1,Gjøteborg,Göteborgs och Bohus län,Sverige
gøteborgs og bohuslæn,1,Gøteborgs Og Bohuslæn,Göteborgs och Bohus län,Sverige
gøtteborg,1,Gøtteborg,Göteborgs och Bohus län,Sverige
hogdal strømstad,1,Hogdal Strømstad,Göteborgs och Bohus län,Sverige
hogdalsoken svrge,1,Hogdalsoken Svrge,Göteborgs och Bohus län,Sverige
høgdal,1,Høgdal,Göteborgs och Bohus län,Sverige
høkedalen sverige,1,Høkedalen,Göteborgs och Bohus län,Sverige
krokstad bohuslän,1,Krokstad Bohuslän,Göteborgs och Bohus län,Sverige
krokstrand bohuslen,1,Krokstrand Bohuslen,Göteborgs och Bohus län,Sverige
lakserby sverige,1,Laxerby,Göteborgs och Bohus län,Sverige
lane sogn,1,Lane,Göteborgs och Bohus län,Sverige
lane,1,Lane,Göteborgs och Bohus län,Sverige
laxarby sogn sverige,1,Laxarby,Göteborgs och Bohus län,Sverige
laxerby sverige,1,Laxerby,Göteborgs och Bohus län,Sverige
laxereby sverge,1,Laxereby,Göteborgs och Bohus län,Sverige
lusvig sverge,1,Lusvig,Göteborgs och Bohus län,Sverige
fos sogn sverige,1,Fo,Göteborgs och Bohus län,Sverige
foss soken sverige,1,Fos,Göteborgs och Bohus län,Sverige
mølen krokstrand i skee,1,Mølen Krokstrand Skee,Göteborgs och Bohus län,Sverige
skee bohuslän,1,Skee Bohuslän,Göteborgs och Bohus län,Sverige
skoger sverige,1,Skoger,Göteborgs och Bohus län,Sverige
strømsta sverige,1,Strömstad,Göteborgs och Bohus län,Sverige
bøffeldale sverige,1,Bøffeldale,Göteborgs och Bohus län,Sverige
strømstad sverrige,1,Strømstad Sverrige,Göteborgs och Bohus län,Sverige
udevalla sverige,1,Udevalla,Göteborgs och Bohus län,Sverige
vestere edd sverige,1,Vestre Ed,Göteborgs och Bohus län,Sverige
vidtsan sverige,1,Vidtsan,Göteborgs och Bohus län,Sverige
ødskalssogn sverige,1,Ödsköldt,Göteborgs och Bohus län,Sverige
ødskøld socken sverige,1,Ödsköldt,Göteborgs och Bohus län,Sverige
ødskølds sogn sverige,1,Ödsköldt,Göteborgs och Bohus län,Sverige
øhr sogn sverge,1,Ör,Göteborgs och Bohus län,Sverige
øsolt i sverige,1,Ösolt,Göteborgs och Bohus län,Sverige
bottna,1,Bottna,Göteborgs och Bohus län,Sverige
fjällbakka,1,Fjällbakka,Göteborgs och Bohus län,Sverige
gribbestad,1,Grebbestad,Göteborgs och Bohus län,Sverige
hadalsokken sverige,1,Hogdal,Göteborgs och Bohus län,Sverige
hodals sverrige,1,Hogdal,Göteborgs och Bohus län,Sverige
hogdahl songn sverige,1,Hogdahl,Göteborgs och Bohus län,Sverige
hogdahl sverige,1,Hogdahl,Göteborgs och Bohus län,Sverige
baalstad sokken,1,Baalstad,Göteborgs och Bohus län,Sverige
baalstad præsteg sverige,1,Baalstad,Göteborgs och Bohus län,Sverige
baalstad præstegj sverige,1,Baalstad,Göteborgs och Bohus län,Sverige
hødal sverige,1,Hogdal,Göteborgs och Bohus län,Sverige
håby sverige,1,Håby,Göteborgs och Bohus län,Sverige
krogsa sogn sverrige,1,Krokstad,Göteborgs och Bohus län,Sverige
krogstrand sverige,1,Krokstrand,Göteborgs och Bohus län,Sverige
krokstad bohuslæn sverige,1,Krokstad,Göteborgs och Bohus län,Sverige
krokstad i sverige,1,Krokstad,Göteborgs och Bohus län,Sverige
kvile s sverige,1,Kvile,Göteborgs och Bohus län,Sverige
lomland songn sverige,1,Lommeland,Göteborgs och Bohus län,Sverige
lomlanda,1,Lommeland,Göteborgs och Bohus län,Sverige
lovisaholm sverige,1,Lovisaholm,Göteborgs och Bohus län,Sverige
lur sverige,1,Lur,Göteborgs och Bohus län,Sverige
lursokken sverige,1,Lur,Göteborgs och Bohus län,Sverige
lysekiel,1,Lysekiel,Göteborgs och Bohus län,Sverige
lømmeland sverige,1,Lommeland,Göteborgs och Bohus län,Sverige
mo sogn bohus læn sverige,1,Mo,Göteborgs och Bohus län,Sverige
mo sverige,1,Mo,Göteborgs och Bohus län,Sverige
mo socken sverige,1,Mo,Göteborgs och Bohus län,Sverige
moe socken sverige,1,Moe,Göteborgs och Bohus län,Sverige
moo sogn sverige,1,Moo,Göteborgs och Bohus län,Sverige
nafferstad,1,Nafverstad,Göteborgs och Bohus län,Sverige
nafverstad sogn sverige,1,Nafverstad,Göteborgs och Bohus län,Sverige
naverstad sognsverige,1,Naverstad,Göteborgs och Bohus län,Sverige
naverstad sogn sverige,1,Naverstad,Göteborgs och Bohus län,Sverige
naverstad i sverige,1,Naverstad,Göteborgs och Bohus län,Sverige
naverstad sverrige,1,Naverstad,Göteborgs och Bohus län,Sverige
navestad sogn sverige,1,Navestad,Göteborgs och Bohus län,Sverige
navestad socken sverrige,1,Navestad,Göteborgs och Bohus län,Sverige
navstad sogn sverige,1,Navstad,Göteborgs och Bohus län,Sverige
nesing sogn sverige,1,Näsinge,Göteborgs och Bohus län,Sverige
nesing sverige,1,Näsinge,Göteborgs och Bohus län,Sverige
näsing sogn,1,Näsinge,Göteborgs och Bohus län,Sverige
næsingsong sverige,1,Näsinge,Göteborgs och Bohus län,Sverige
næssin,1,Näsinge,Göteborgs och Bohus län,Sverige
næssinge,1,Næssinge,Göteborgs och Bohus län,Sverige
næssinge lommeland,1,Näsinge,Göteborgs och Bohus län,Sverige
schee sverige,1,Skee,Göteborgs och Bohus län,Sverige
she sogn,1,Skee,Göteborgs och Bohus län,Sverige
shee song sverige,1,Skee,Göteborgs och Bohus län,Sverige
shee sogn velle hered,1,Skee (Velle härad),Göteborgs och Bohus län,Sverige
ske,1,Skee socken,Göteborgs och Bohus län,Sverige
ske sverge,1,Skee,Göteborgs och Bohus län,Sverige
skee bohus læn sverige,1,Skee,Göteborgs och Bohus län,Sverige
skee socken bohusl sverige,1,Skee,Göteborgs och Bohus län,Sverige
skee socken bohuslän sverige,1,Skee,Göteborgs och Bohus län,Sverige
skee sogn i sverige,1,Skee,Göteborgs och Bohus län,Sverige
skee sokken sverrige,1,Skee,Göteborgs och Bohus län,Sverige
skeesocken,1,Skee socken,Göteborgs och Bohus län,Sverige
skjee sokken,1,Skee,Göteborgs och Bohus län,Sverige
skjee pastorat,1,Skee socken,Göteborgs och Bohus län,Sverige
skjee sverige,1,Skee,Göteborgs och Bohus län,Sverige
skjei??,1,Skee socken,Göteborgs och Bohus län,Sverige
svarteborg,1,Svarteborg,Göteborgs och Bohus län,Sverige
svarteborg sverige,1,Svarteborg,Göteborgs och Bohus län,Sverige
svartebørsokten sverige,1,Svarteborg,Göteborgs och Bohus län,Sverige
sverige skee sogn,1,Skee,Göteborgs och Bohus län,Sverige
tanem sverige,1,Tanum,Göteborgs och Bohus län,Sverige
tanum song sverige,1,Tanum,Göteborgs och Bohus län,Sverige
tanum sogn sv sverige,1,Tanum,Göteborgs och Bohus län,Sverige
tanum sverge,1,Tanum,Göteborgs och Bohus län,Sverige
tanums song sverige,1,Tanum,Göteborgs och Bohus län,Sverige
tjernö sogn,1,Tjärnö,Göteborgs och Bohus län,Sverige
torp socken,1,Torp,Göteborgs och Bohus län,Sverige
vite??herad ske sogn,1,Vite härad (Skee),Göteborgs och Bohus län,Sverige
falkenberg,1,Falkenberg,Hallands län,Sverige
halmstad,1,Halmstad,Hallands län,Sverige
brandval hed,1,Brandval,Hedemarkens amt,Norge
brandvold hed,1,Brandvold,Hedemarkens amt,Norge
brandvold solør vinger,1,Brandvold,Hedemarkens amt,Norge
edskogen hed,1,Edskogen,Hedemarkens amt,Norge
edskogen hed??,1,Edskogen,Hedemarkens amt,Norge
eidsdskogen,1,Uspesifisert,Hedemarkens amt,Norge
eidskog hed,1,Eidskog,Hedemarkens amt,Norge
eidskogen,1,Eidskogen,Hedemarkens amt,Norge
eidsskog hed,1,Eidsskog,Hedemarkens amt,Norge
eiskov hed,1,Eiskov,Hedemarkens amt,Norge
grue sogn hed,1,Grue,Hedemarkens amt,Norge
hammar,1,Hamar,Hedemarkens amt,Norge
lille-elvedalen hed,1,Lille-Elvedalen,Hedemarkens amt,Norge
lilleelvedalen hed,1,Lilleelvedalen,Hedemarkens amt,Norge
løiten hed,1,Løiten,Hedemarkens amt,Norge
løiten hedemarken hed,1,Løiten,Hedemarkens amt,Norge
løiten hedemarken,1,Løiten,Hedemarkens amt,Norge
n odalen,1,N Odalen,Hedemarkens amt,Norge
odalen hed,1,Odalen,Hedemarkens amt,Norge
rigsaker hed,1,Rigsaker,Hedemarkens amt,Norge
ringsaker hedemarken,1,Ringsaker,Hedemarkens amt,Norge
romedal hed,1,Romedal,Hedemarkens amt,Norge
rommedal hed,1,Rommedal,Hedemarkens amt,Norge
solli hed,1,Solli,Hedemarkens amt,Norge
sollien,1,Sollia,Hedemarkens amt,Norge
stange hedemarken hed,1,Stange,Hedemarkens amt,Norge
stange hedemarken,1,Stange,Hedemarkens amt,Norge
stange præsteg hedemarken,1,Stange,Hedemarkens amt,Norge
stange præstegjæld i hedemarkens amt,1,Stange,Hedemarkens amt,Norge
trysil præstegjeld i østerdalen hed,1,Trysil,Hedemarkens amt,Norge
tønset hed,1,Tønset,Hedemarkens amt,Norge
vinger solør hed,1,Vinger Solør,Hedemarkens amt,Norge
østre toten hed,1,Østre Toten,Hedemarkens amt,Norge
aamot i østerdalen hed,1,Aamot,Hedemarkens amt,Norge
aamot østerdalen,1,Aamot,Hedemarkens amt,Norge
aasnes solør hed,1,Aasnes Solør,Hedemarkens amt,Norge
andebu jl,1,Andebu,Jarlsberg og Larviks amt,Norge
brunlangnes jl,1,Brunlangnes,Jarlsberg og Larviks amt,Norge
baatne sogn jl,1,Baatne,Jarlsberg og Larviks amt,Norge
fredriksværn norge jl,1,Fredriksvern,Jarlsberg og Larviks amt,Norge
fraannes jl,1,Fraannes,Jarlsberg og Larviks amt,Norge
hedrum jl,1,Hedrum,Jarlsberg og Larviks amt,Norge
hof jl,1,Hof,Jarlsberg og Larviks amt,Norge
holmestrand,1,Holmestrand,Jarlsberg og Larviks amt,Norge
kvelle pr laurvig jl,1,Larvik,Jarlsberg og Larviks amt,Norge
larvig jl,1,Larvig,Jarlsberg og Larviks amt,Norge
laurvig jl t,1,Larvik,Jarlsberg og Larviks amt,Norge
nøtere song jl,1,Nøtere,Jarlsberg og Larviks amt,Norge
nøterø jl,1,Nøterø,Jarlsberg og Larviks amt,Norge
nøtterø jl,1,Nøtterø,Jarlsberg og Larviks amt,Norge
nøtterø j & l amt,1,Nøtterø,Jarlsberg og Larviks amt,Norge
nøtterød jl,1,Nøtterød,Jarlsberg og Larviks amt,Norge
ramnæs jl a,1,Uspesifisert,Jarlsberg og Larviks amt,Norge
sande herred jl,1,Sande,Jarlsberg og Larviks amt,Norge
sandefjord,1,Sandefjord,Jarlsberg og Larviks amt,Norge
sanne jl,1,Sanne,Jarlsberg og Larviks amt,Norge
sem sogn jl,1,Sem,Jarlsberg og Larviks amt,Norge
sem sgn j & l amt,1,Sem,Jarlsberg og Larviks amt,Norge
semsen?? norge jl,1,Semsen??,Jarlsberg og Larviks amt,Norge
skouger herred jl,1,Skouger,Jarlsberg og Larviks amt,Norge
slagen tønsberg jl,1,Tønsberg,Jarlsberg og Larviks amt,Norge
berger pr svelvik jl,1,Berger,Jarlsberg og Larviks amt,Norge
svelvik jl,1,Svelvik,Jarlsberg og Larviks amt,Norge
svelviken jl,1,Svelviken,Jarlsberg og Larviks amt,Norge
t laurvig,1,Larvik,Jarlsberg og Larviks amt,Norge
tanem jl,1,Tanem,Jarlsberg og Larviks amt,Norge
tanum jl,1,Tanum,Jarlsberg og Larviks amt,Norge
tjøling jl,1,Tjøling,Jarlsberg og Larviks amt,Norge
tjølling sogn jl,1,Tjølling,Jarlsberg og Larviks amt,Norge
tjølling jl,1,Tjølling,Jarlsberg og Larviks amt,Norge
vaale jarlsberg jl,1,Vaale Jarlsberg,Jarlsberg og Larviks amt,Norge
vaale jarlsberg,1,Vaale,Jarlsberg og Larviks amt,Norge
øen baste jl,1,Øen Baste,Jarlsberg og Larviks amt,Norge
aasgrdstrand jl,1,Aasgrdstrand,Jarlsberg og Larviks amt,Norge
jang@jong socken sverige,1,Jönköping,Jönköpings län,Sverige
jønkjøping,1,Jönköping,Jönköpings län,Sverige
jønkopping sverrige,1,Jönköping,Jönköpings län,Sverige
jønkøpingslän,1,Jönköping,Jönköpings län,Sverige
ramkvilla,1,Ramkvilla,Jönköpings län,Sverige
kalmer län,1,Kalmar,Kalmar län,Sverige
øland sverige,1,Öland,Kalmar län,Sverige
fløndre herred,1,Fløndre,Kristians amt,Norge
faaberg sogn krs,1,Faaberg,Kristians amt,Norge
gausdal krs,1,Gausdal,Kristians amt,Norge
gjøvik krs,1,Gjøvik,Kristians amt,Norge
gran sogn hadelan krs,1,Gran  Hadelan,Kristians amt,Norge
gran sogn hadeland,1,Gran,Kristians amt,Norge
gran hadeland krs,1,Gran Hadeland,Kristians amt,Norge
hadeland krs,1,Hadeland,Kristians amt,Norge
ringbu krs,1,Ringbu,Kristians amt,Norge
rrigebu krs,1,Rrigebu,Kristians amt,Norge
s fron krs,1,S Fron,Kristians amt,Norge
skiaaker i gudb dalen krs,1,Skiaaker,Kristians amt,Norge
slidre valders krs,1,Slidre Valders,Kristians amt,Norge
søndre fron krs,1,Søndre Fron,Kristians amt,Norge
søndre land krs,1,Søndre Land,Kristians amt,Norge
toten krs,1,Toten,Kristians amt,Norge
toten kristians amt krs,1,Toten Kristians Amt,Kristians amt,Norge
v gausdal krs,1,V Gausdal,Kristians amt,Norge
valders krs,1,Valders,Kristians amt,Norge
vestre toten krs,1,Vestre Toten,Kristians amt,Norge
ø gausdal krs,1,Ø Gausdal,Kristians amt,Norge
øier gudbransdalen krs,1,Øier Gudbransdalen,Kristians amt,Norge
østre thoten krs,1,Østre Thoten,Kristians amt,Norge
østre toten krs,1,Østre Toten,Kristians amt,Norge
ljungby socken,1,Ljungby,Kronobergs län,Sverige
farsund lm,1,Farsund,Lister og Mandals amt,Norge
hitterø sogn lm,1,Hitterø,Lister og Mandals amt,Norge
hitterø,1,Hitterø,Lister og Mandals amt,Norge
kr ansand,1,Uspesifisert,Lister og Mandals amt,Norge
chr sand lm,1,Chr Sand,Lister og Mandals amt,Norge
chr sand s lm,1,Chr Sand S,Lister og Mandals amt,Norge
chrtiansand lm,1,Chrtiansand,Lister og Mandals amt,Norge
kristiansand norge lm,1,Kristiansand,Lister og Mandals amt,Norge
tvedt lm,1,Tvedt,Lister og Mandals amt,Norge
aaddernæs lister & mandals amt,1,Øyestad,Lister og Mandals amt,Norge
arendal,1,Arendal,Nedenes amt,Norge
barbu ned,1,Barbu,Nedenes amt,Norge
dybvaag prgjæld ned,1,Dybvaag Prgjæld,Nedenes amt,Norge
dybvaag prgjæld nedenes amt ned,1,Dybvaag Prgjæld Nedenes Amt,Nedenes amt,Norge
fjære nedenæs ned,1,Fjære Nedenæs,Nedenes amt,Norge
lyngøer ned norge,1,Uspesifisert,Nedenes amt,Norge
narestø flaugstad sogn ned,1,Narestø Flaugstad,Nedenes amt,Norge
narestø flogstad sg ned,1,Narestø Flogstad Sg,Nedenes amt,Norge
risør ned,1,Risør,Nedenes amt,Norge
øiestad ned,1,Øiestad,Nedenes amt,Norge
bindalen nor,1,Bindalen,Nordlands amt,Norge
gildeskaal nor,1,Gildeskaal,Nordlands amt,Norge
hemnes nor,1,Hemnes,Nordlands amt,Norge
nordland,1,Uspesifisert,Nordlands amt,Norge
tjøttø nor,1,Tjøttø,Nordlands amt,Norge
værø lofoten nor,1,Værø Lofoten,Nordlands amt,Norge
vaagen i lofoten nord,1,Vågan,Nordlands amt,Norge
brække nb,1,Brække,Nordre Bergenhus amt,Norge
evendvik nb,1,Evendvik,Nordre Bergenhus amt,Norge
førde nb,1,Førde,Nordre Bergenhus amt,Norge
gloppen nb,1,Gloppen,Nordre Bergenhus amt,Norge
lyster nb,1,Lyster,Nordre Bergenhus amt,Norge
sellø pr nb,1,Sellø,Nordre Bergenhus amt,Norge
aardal sogn nb,1,Aardal,Nordre Bergenhus amt,Norge
beitstaden nt,1,Beitstaden,Nordre Trondhjems amt,Norge
levagner nt,1,Levagner,Nordre Trondhjems amt,Norge
levanger lands n trondhj amt,1,Levanger,Nordre Trondhjems amt,Norge
namdalen nt,1,Namdalen,Nordre Trondhjems amt,Norge
rørvik namdalen nt,1,Rørvik Namdalen,Nordre Trondhjems amt,Norge
skogn nt,1,Skogn,Nordre Trondhjems amt,Norge
stenkjær nt,1,Stenkjær,Nordre Trondhjems amt,Norge
stiklestad nt,1,Stiklestad,Nordre Trondhjems amt,Norge
ned stjørdalen nt,1,Uspesifisert,Nordre Trondhjems amt,Norge
vemundvig sogn namsos prestegjeld nt,1,Namsos,Nordre Trondhjems amt,Norge
værdalen,1,Værdalen,Nordre Trondhjems amt,Norge
øgaards sogn,1,Øgaard,Nordre Trondhjems amt,Norge
norrland,1,Norrland,Norrland,Sverige
bolsø romsdal,1,Bolsø,Romsdals amt,Norge
bolsø romsdalen,1,Bolsø,Romsdals amt,Norge
dale søndfjord rom,1,Dale Søndfjord,Romsdals amt,Norge
grytten rom,1,Grytten,Romsdals amt,Norge
molde rom,1,Molde,Romsdals amt,Norge
borgunds prestegjeld søndmøre rom,1,Borgunds  Søndmøre,Romsdals amt,Norge
vandelven rom,1,Vandelven,Romsdals amt,Norge
ørskog rom,1,Ørskog,Romsdals amt,Norge
falkopig sverige,1,Falkopig,Skaraborgs län,Sverige
karlsborg sverige,1,Karlsborg,Skaraborgs län,Sverige
skaraborgs län,1,Skaraborg,Skaraborgs län,Sverige
skaraborgslen,1,Skaraborg,Skaraborgs län,Sverige
skarabors læn,1,Skaraborg,Skaraborgs län,Sverige
skøfde,1,Skövde,Skaraborgs län,Sverige
skanør,1,Skanör,Skåne,Sverige
skaane,1,Skåne,Skåne,Sverige
vadensjø i skaane,1,Vadensjö,Skåne,Sverige
småland sverige,1,Småland,Småland,Sverige
smaaland sverige,1,Smaaland,Småland,Sverige
ahremark prestegjeld sm,1,Aremark herred,Smaalenenes amt,Norge
aremark prestegj sm,1,Aremark herred,Smaalenenes amt,Norge
aremark præstegjæld,1,Aremark herred,Smaalenenes amt,Norge
aremarks præstegjæld sm,1,Smaalenenes amt (uspesifisert),Smaalenenes amt,Norge
armark,1,Aremark herred,Smaalenenes amt,Norge
i asak sm,1,Berg herred,Smaalenenes amt,Norge
asak smålenene sm,1,Berg herred,Smaalenenes amt,Norge
asak i berg sm,1,Berg herred,Smaalenenes amt,Norge
asak berg smaal sm,1,Berg herred,Smaalenenes amt,Norge
asak bergs sogn,1,Berg herred,Smaalenenes amt,Norge
asak song sm,1,Berg herred,Smaalenenes amt,Norge
askelrød berg smaalenene,1,Berg herred,Smaalenenes amt,Norge
assak sm,1,Berg herred,Smaalenenes amt,Norge
bergs sogn sml,1,Berg herred,Smaalenenes amt,Norge
berg i sml,1,Berg herred,Smaalenenes amt,Norge
berg sogn sml sm,1,Berg herred,Smaalenenes amt,Norge
berg sml sm,1,Berg herred,Smaalenenes amt,Norge
i berg sm,1,Berg herred,Smaalenenes amt,Norge
bergs sogn,1,Berg herred,Smaalenenes amt,Norge
berg smaalene sm,1,Berg herred,Smaalenenes amt,Norge
berg,1,Berg herred,Smaalenenes amt,Norge
bergs sogn smaalenene sm,1,Berg herred,Smaalenenes amt,Norge
berg sogn smaal sm,1,Berg herred,Smaalenenes amt,Norge
berg i smaal,1,Berg herred,Smaalenenes amt,Norge
berg sm asak,1,Berg herred,Smaalenenes amt,Norge
berg asak annex sm,1,Berg herred,Smaalenenes amt,Norge
berg sml fr hald,1,Berg herred,Smaalenenes amt,Norge
berg sm norje,1,Berg herred,Smaalenenes amt,Norge
berg pr frhald sm,1,Berg herred,Smaalenenes amt,Norge
berg pr gj sm,1,Berg herred,Smaalenenes amt,Norge
berg prs sm,1,Berg herred,Smaalenenes amt,Norge
berg i sml rokke,1,Berg herred,Smaalenenes amt,Norge
berg i sml rokke sm,1,Berg herred,Smaalenenes amt,Norge
berg smål sm,1,Berg herred,Smaalenenes amt,Norge
berg smaale sm,1,Berg herred,Smaalenenes amt,Norge
berg smålene sm,1,Berg herred,Smaalenenes amt,Norge
berg smaalenen,1,Berg herred,Smaalenenes amt,Norge
berg smålenne,1,Berg herred,Smaalenenes amt,Norge
berg sog sm,1,Berg herred,Smaalenenes amt,Norge
berg sm t,1,Berg herred,Smaalenenes amt,Norge
berg sogn ved fr hald sm,1,Berg herred,Smaalenenes amt,Norge
bergs prestegjæld sm,1,Berg herred,Smaalenenes amt,Norge
bergs præstegljæld sm,1,Berg herred,Smaalenenes amt,Norge
bergsoken smålenene sm,1,Berg herred,Smaalenenes amt,Norge
borge sogn smaalenene,1,Borge herred,Smaalenenes amt,Norge
borge præstegj sm,1,Borge herred,Smaalenenes amt,Norge
baarge sm,1,Borge herred,Smaalenenes amt,Norge
bærby sm,1,Idd herred,Smaalenenes amt,Norge
degernæs sm,1,Degernes herred,Smaalenenes amt,Norge
edsberg hered sm,1,Eidsberg herred,Smaalenenes amt,Norge
eidsberg sml,1,Eidsberg herred,Smaalenenes amt,Norge
eidsberg smaalenene sm,1,Eidsberg herred,Smaalenenes amt,Norge
eidsberg herred sm,1,Eidsberg herred,Smaalenenes amt,Norge
ejdsberg sm,1,Eidsberg herred,Smaalenenes amt,Norge
elingdalen smaalenene,1,Idd herred,Smaalenenes amt,Norge
f hald,1,Fredrikshald kjøpstad,Smaalenenes amt,Norge
fr hal,1,Fredrikshald kjøpstad,Smaalenenes amt,Norge
frederikshal,1,Fredrikshald kjøpstad,Smaalenenes amt,Norge
fredrichshall,1,Fredrikshald kjøpstad,Smaalenenes amt,Norge
fredrickhdl,1,Fredrikshald kjøpstad,Smaalenenes amt,Norge
fredrickshall,1,Fredrikshald kjøpstad,Smaalenenes amt,Norge
frhald sm,1,Fredrikshald kjøpstad,Smaalenenes amt,Norge
fr-hald sm,1,Fredrikshald kjøpstad,Smaalenenes amt,Norge
fredrikshald??,1,Fredrikshald kjøpstad,Smaalenenes amt,Norge
fredriskhall,1,Fredrikshald kjøpstad,Smaalenenes amt,Norge
fr-stad sm,1,Fredrikstad kjøpstad,Smaalenenes amt,Norge
fredriksstad sml,1,Fredrikstad kjøpstad,Smaalenenes amt,Norge
fr stad sml,1,Fredrikstad kjøpstad,Smaalenenes amt,Norge
fr stad,1,Fredrikstad kjøpstad,Smaalenenes amt,Norge
fredriksstad,1,Fredrikstad kjøpstad,Smaalenenes amt,Norge
ganerød sm,1,Idd herred,Smaalenenes amt,Norge
ganerød id sm,1,Idd herred,Smaalenenes amt,Norge
gilderød pr berg sm,1,Berg herred,Smaalenenes amt,Norge
glemming sm,1,Glemminge herred,Smaalenenes amt,Norge
greaker sm,1,Tune herred,Smaalenenes amt,Norge
greaaker sm,1,Tune herred,Smaalenenes amt,Norge
gaar bjærge id sm,1,Idd herred,Smaalenenes amt,Norge
hafslund sm,1,Skjeberg herred,Smaalenenes amt,Norge
helle ski sokn,1,Skiptvet herred,Smaalenenes amt,Norge
herføl hvaløer sm,1,Hvaler herred,Smaalenenes amt,Norge
hobaal sogn sm,1,Hobøl herred,Smaalenenes amt,Norge
hole sm,1,Trøgstad herred,Smaalenenes amt,Norge
hov id sm,1,Idd herred,Smaalenenes amt,Norge
hvaler,1,Hvaler herred,Smaalenenes amt,Norge
hvalerøerne sm,1,Hvaler herred,Smaalenenes amt,Norge
hvaller sm,1,Hvaler herred,Smaalenenes amt,Norge
hvaløer hvaløerne sm,1,Hvaler herred,Smaalenenes amt,Norge
hvaløer præstegj sm,1,Hvaler herred,Smaalenenes amt,Norge
hvalørerne sm,1,Hvaler herred,Smaalenenes amt,Norge
hvalørne,1,Hvaler herred,Smaalenenes amt,Norge
id sogn sm bergs,1,Idd herred,Smaalenenes amt,Norge
id enigdalen sm,1,Idd herred,Smaalenenes amt,Norge
id enningdalen sm,1,Idd herred,Smaalenenes amt,Norge
id pr frhald,1,Idd herred,Smaalenenes amt,Norge
id præstegjeld sm,1,Idd herred,Smaalenenes amt,Norge
id prästjäld,1,Idd herred,Smaalenenes amt,Norge
id sm skoningsfos,1,Idd herred,Smaalenenes amt,Norge
bakke id sm,1,Idd herred,Smaalenenes amt,Norge
berby id sml,1,Idd herred,Smaalenenes amt,Norge
bereby id sm,1,Idd herred,Smaalenenes amt,Norge
bestdalen id sm,1,Idd herred,Smaalenenes amt,Norge
bjørnstad enningdalen sm,1,Idd herred,Smaalenenes amt,Norge
eningdal id sm,1,Idd herred,Smaalenenes amt,Norge
eningedalen,1,Idd herred,Smaalenenes amt,Norge
eningedalen id sm,1,Idd herred,Smaalenenes amt,Norge
enningdal sm,1,Idd herred,Smaalenenes amt,Norge
enningdalen smaalenene,1,Idd herred,Smaalenenes amt,Norge
enningdalen id sm,1,Idd herred,Smaalenenes amt,Norge
enningdalen id prg sm,1,Idd herred,Smaalenenes amt,Norge
enningdalen id ved fr hald sm,1,Idd herred,Smaalenenes amt,Norge
id sm byn,1,Idd herred,Smaalenenes amt,Norge
id smaalenene,1,Idd herred,Smaalenenes amt,Norge
ide prgj sm,1,Idd herred,Smaalenenes amt,Norge
ide præstegjæld sm,1,Idd herred,Smaalenenes amt,Norge
ide song sm,1,Idd herred,Smaalenenes amt,Norge
idsogn sm,1,Idd herred,Smaalenenes amt,Norge
ingedal sogn sm,1,Skjeberg herred,Smaalenenes amt,Norge
ingedal sm,1,Skjeberg herred,Smaalenenes amt,Norge
ingedal præstegj sm,1,Skjeberg herred,Smaalenenes amt,Norge
kirkø hvaløer sm,1,Hvaler herred,Smaalenenes amt,Norge
kirkøen sm,1,Hvaler herred,Smaalenenes amt,Norge
knegterød id sogn sm,1,Idd herred,Smaalenenes amt,Norge
kornsjø sml,1,Idd herred,Smaalenenes amt,Norge
kristiansand s sml,1,Smaalenenes amt (uspesifisert),Smaalenenes amt,Norge
lier bu fredrikshald,1,Fredrikshald kjøpstad,Smaalenenes amt,Norge
lihold id sm,1,Idd herred,Smaalenenes amt,Norge
lisleby sml,1,Glemminge herred,Smaalenenes amt,Norge
lisleby sm,1,Glemminge herred,Smaalenenes amt,Norge
marker,1,Marker herred,Smaalenenes amt,Norge
mos sm,1,Moss kjøpstad,Smaalenenes amt,Norge
moss sml,1,Moss kjøpstad,Smaalenenes amt,Norge
i moss sm,1,Moss kjøpstad,Smaalenenes amt,Norge
moss landsogn sm,1,Moss landsogn herred,Smaalenenes amt,Norge
nødenæs sm,1,Skjeberg herred,Smaalenenes amt,Norge
nøssemark sm,1,Smaalenenes amt (uspesifisert),Smaalenenes amt,Norge
onsø sogn sm,1,Onsøy herred,Smaalenenes amt,Norge
prætbakke sm,1,Idd herred,Smaalenenes amt,Norge
rakestad sm,1,Rakkestad herred,Smaalenenes amt,Norge
eng rakkestad sm,1,Rakkestad herred,Smaalenenes amt,Norge
rakkestad sogn sm,1,Rakkestad herred,Smaalenenes amt,Norge
rokke sml,1,Berg herred,Smaalenenes amt,Norge
rokke i berg sogn sm,1,Berg herred,Smaalenenes amt,Norge
rud trøgstad sm,1,Trøgstad herred,Smaalenenes amt,Norge
rygge smaal,1,Rygge herred,Smaalenenes amt,Norge
rødnes sm,1,Rødenes herred,Smaalenenes amt,Norge
rødnæs sml,1,Rødenes herred,Smaalenenes amt,Norge
rørbæk i berg smålenene sm,1,Berg herred,Smaalenenes amt,Norge
raade sml,1,Råde herred,Smaalenenes amt,Norge
raade smaal,1,Råde herred,Smaalenenes amt,Norge
sanne og soli brug,1,Sanne og Soli brug,Smaalenenes amt,Norge
sarpsborg sml,1,Sarpsborg kjøpstad,Smaalenenes amt,Norge
sauøen sm,1,Smaalenenes amt (uspesifisert),Smaalenenes amt,Norge
silvig i asak sm,1,Berg herred,Smaalenenes amt,Norge
sjeber sm,1,Skjeberg herred,Smaalenenes amt,Norge
skeberg norge sm,1,Skjeberg herred,Smaalenenes amt,Norge
skiptvedt sm,1,Skiptvett herred,Smaalenenes amt,Norge
skiptvedt ekeberg sm,1,Skiptvett herred,Smaalenenes amt,Norge
skjebeg sm,1,Smaalenenes amt (uspesifisert),Smaalenenes amt,Norge
engedalen skjeberg sm,1,Skjeberg herred,Smaalenenes amt,Norge
skjebergs herred sm,1,Berg herred,Smaalenenes amt,Norge
skolleborg aremark sm,1,Aremark herred,Smaalenenes amt,Norge
smaalenene,1,Uspesifisert,Smaalenenes amt,Norge
snekketorp id sm,1,Idd herred,Smaalenenes amt,Norge
sommero id sm,1,Idd herred,Smaalenenes amt,Norge
sondre sande hvaler,1,Søndre Sandøy,Smaalenenes amt,Norge
sorgenfri pr fredrikstad sm,1,Fredrikstad kjøpstad,Smaalenenes amt,Norge
sponvig sm,1,Berg herred,Smaalenenes amt,Norge
sponvigen sml,1,Berg herred,Smaalenenes amt,Norge
sponvigen berg sm,1,Berg herred,Smaalenenes amt,Norge
sponvigen i berg i smålenene sm,1,Berg herred,Smaalenenes amt,Norge
sponviken sm,1,Berg herred,Smaalenenes amt,Norge
svindal sm,1,Svindal,Smaalenenes amt,Norge
søndre sandø hvaler sm,1,Hvaler herred,Smaalenenes amt,Norge
søndre sandø hvaløerne sm,1,Hvaler herred,Smaalenenes amt,Norge
t berg,1,Berg herred,Smaalenenes amt,Norge
t fre,1,Fredrikshald kjøpstad,Smaalenenes amt,Norge
t fredrh,1,Fredrikshald kjøpstad,Smaalenenes amt,Norge
t tistedalen sm,1,Tistedalen,Smaalenenes amt,Norge
t tistedalen,1,Tistedalen,Smaalenenes amt,Norge
t tistedalen frhald sm,1,Tistedalen,Smaalenenes amt,Norge
thune sml,1,Tune herred,Smaalenenes amt,Norge
tisted,1,Tistedalen,Smaalenenes amt,Norge
torpedalen smaal a,1,Torpedalen A,Smaalenenes amt,Norge
torpedalen berg sm,1,Berg herred,Smaalenenes amt,Norge
torpedalen berg i smålenene,1,Berg herred,Smaalenenes amt,Norge
torpedalen berg sm a,1,Berg herred,Smaalenenes amt,Norge
torsnes sm,1,Smaalenenes amt (uspesifisert),Smaalenenes amt,Norge
torsnæs smaalenene sm,1,Smaalenenes amt (uspesifisert),Smaalenenes amt,Norge
tosnæs sm,1,Smaalenenes amt (uspesifisert),Smaalenenes amt,Norge
trygsta prestegjeld sm,1,Smaalenenes amt (uspesifisert),Smaalenenes amt,Norge
trygstad herred sm,1,Trøgstad herred,Smaalenenes amt,Norge
trygstad sm,1,Trøgstad herred,Smaalenenes amt,Norge
trygstad smålenen,1,Trøgstad herred,Smaalenenes amt,Norge
trykstad sm,1,Trøgstad herred,Smaalenenes amt,Norge
trykstad prestejel,1,Trøgstad herred,Smaalenenes amt,Norge
trøgstad sml,1,Trøgstad herred,Smaalenenes amt,Norge
trøgstad sogn sm,1,Trøgstad herred,Smaalenenes amt,Norge
tune sml,1,Tune herred,Smaalenenes amt,Norge
tune herred sm,1,Tune herred,Smaalenenes amt,Norge
tune pr gj sm,1,Tune herred,Smaalenenes amt,Norge
vale sm,1,Smaalenenes amt (uspesifisert),Smaalenenes amt,Norge
vartei sm,1,Varteig herred,Smaalenenes amt,Norge
vartteig sm,1,Varteig herred,Smaalenenes amt,Norge
veggesdahl berg sm,1,Berg herred,Smaalenenes amt,Norge
vesterøerne hvaløerne sm,1,Hvaler herred,Smaalenenes amt,Norge
vaaler i smaalenene,1,Våler herred,Smaalenenes amt,Norge
våler pr moss smaalenene,1,Moss kjøpstad,Smaalenenes amt,Norge
waler sm,1,Våler herred,Smaalenenes amt,Norge
yd sm,1,Smaalenenes amt (uspesifisert),Smaalenenes amt,Norge
ødemak sm,1,Ødemark herred,Smaalenenes amt,Norge
øen herføll sm,1,Smaalenenes amt (uspesifisert),Smaalenenes amt,Norge
ømark smalenene sm,1,Smaalenenes amt (uspesifisert),Smaalenenes amt,Norge
ør id sm,1,Idd herred,Smaalenenes amt,Norge
ørje sm,1,Smaalenenes amt (uspesifisert),Smaalenenes amt,Norge
ørkedals præstegjeld sm,1,Smaalenenes amt (uspesifisert),Smaalenenes amt,Norge
aaskasen id song sm,1,Idd herred,Smaalenenes amt,Norge
klep jæderen sta,1,Klep Jæderen,Stavanger amt,Norge
kopervik sta,1,Kopervik,Stavanger amt,Norge
kopervik sogn sta,1,Kopervik,Stavanger amt,Norge
skudesnæs sta,1,Skudesnæs,Stavanger amt,Norge
sogndal dalene stv,1,Sogndal Dalene,Stavanger amt,Norge
strand sta,1,Strand,Stavanger amt,Norge
strand pr stavanger stv,1,Stavanger,Stavanger amt,Norge
stockholm sverige,1,Stockholm,Stockholms län,Sverige
stokholm,1,Stockholm,Stockholms län,Sverige
stokholms læn,1,Stockholm,Stockholms län,Sverige
haus prgj bergens stift sb,1,Haus  Bergens Stift,Søndre Bergenhus amt,Norge
herlø prestegjeld sb,1,Herlø,Søndre Bergenhus amt,Norge
vikør i hardanger sb,1,Vikør,Søndre Bergenhus amt,Norge
øistesø hardanger sb,1,Øistesø Hardanger,Søndre Bergenhus amt,Norge
holtaalen s trondhj amt,1,Holtaalen,Søndre Trondhjems amt,Norge
horrig guldalen,1,Horrig,Søndre Trondhjems amt,Norge
orkedalen st,1,Orkedalen,Søndre Trondhjems amt,Norge
rasvaag hitterø st,1,Rasvaag Hitterø,Søndre Trondhjems amt,Norge
aafjorden st,1,Aafjorden,Søndre Trondhjems amt,Norge
kvædfjord tr,1,Kvædfjord,Tromsø amt,Norge
kvædfjord tromsø tr,1,Tromsø,Tromsø amt,Norge
lyngen tromsø,1,Tromsø,Tromsø amt,Norge
tranø senjen nordland,1,Tranø,Tromsø amt,Norge
tromsø tr,1,Tromsø,Tromsø amt,Norge
tromsø,1,Tromsø,Tromsø amt,Norge
rød sverige,1,Rød,Ukjent län,Sverige
arvika,1,Arvika,Värmlands län,Sverige
arvika sverige,1,Arvika,Värmlands län,Sverige
blomskog,1,Blomskog,Värmlands län,Sverige
blomskog s sverige,1,Blomskog,Värmlands län,Sverige
blomskog sverige,1,Blomskog,Värmlands län,Sverige
botelsæter s sverge,1,Botelsäter,Värmlands län,Sverige
chalottenberg sverige,1,Chalottenberg,Värmlands län,Sverige
charlotenberg,1,Charlottenberg,Värmlands län,Sverige
fjella isæter sverige,1,Fjella Isäter,Värmlands län,Sverige
gillberga sverige,1,Gillberga,Värmlands län,Sverige
gilleberga sverige,1,Gilleberga,Värmlands län,Sverige
hult vaarvik sverige,1,Vaarvik,Värmlands län,Sverige
karlstad sverige,1,Karlstad,Värmlands län,Sverige
kil soken sverige,1,Kil,Värmlands län,Sverige
kristineham sverige,1,Kristineham,Värmlands län,Sverige
kristinehavn sverige,1,Kristinehavn,Värmlands län,Sverige
lindfors brug sverige,1,Lindfor,Värmlands län,Sverige
lysvik sverige,1,Lysvik,Värmlands län,Sverige
monkfors sverige,1,Munkfors,Värmlands län,Sverige
olserud soken sverge,1,Olserud,Värmlands län,Sverige
selerød vermland sverige,1,Vermland,Värmlands län,Sverige
stavnæs vermeland,1,Stavnäs,Värmlands län,Sverige
sunnanå sverige,1,Sunnanå,Värmlands län,Sverige
sælbodal sverige,1,Sälbodal,Värmlands län,Sverige
tøchsmark sogn sverige,1,Tøcksmark,Värmlands län,Sverige
vermeland sverige,1,Vermeland,Värmlands län,Sverige
vermland sverget,1,Vermland,Värmlands län,Sverige
værmeland,1,Värmland,Värmlands län,Sverige
værmeland sverige,1,Værmeland,Värmlands län,Sverige
värmland,1,Värmland,Värmlands län,Sverige
vaarvik sverige,1,Vaarvik,Värmlands län,Sverige
wærmeland sverige,1,Värmland,Värmlands län,Sverige
østmark sverige,1,Östmark,Värmlands län,Sverige
skelefta sverige,1,Skellefteå,Västerbottens län,Sverige
vestergøtlan sverige,1,Västergötland,Västergötland,Sverige
vesterjötland sverige,1,Västergötland,Västergötland,Sverige
wester län sverige,1,Västergötland,Västergötland,Sverige
boraas sverige,1,Borås,Älvsborgs län (Dalsland),Sverige
braalanda sverige,1,Braalanda,Älvsborgs län (Dalsland),Sverige
dahlland sverige,1,Dalsland,Älvsborgs län (Dalsland),Sverige
dahls pst sverige,1,Dalsland,Älvsborgs län (Dalsland),Sverige
dahlsl sv,1,Dalsland,Älvsborgs län (Dalsland),Sverige
dahlslald,1,Dalsland,Älvsborgs län (Dalsland),Sverige
dahlsland sv,1,Dalsland,Älvsborgs län (Dalsland),Sverige
dahlsland sverge,1,Dahlsland,Älvsborgs län (Dalsland),Sverige
dalslan,1,Dalsland,Älvsborgs län (Dalsland),Sverige
dalsland sv,1,Dalsland,Älvsborgs län (Dalsland),Sverige
dalsland sverget,1,Dalsland,Älvsborgs län (Dalsland),Sverige
dalsland sogn sverige,1,Dalsland,Älvsborgs län (Dalsland),Sverige
dalsland swerige,1,Dalsland,Älvsborgs län (Dalsland),Sverige
elsborgs len,1,Älvsborg,Älvsborgs län (Dalsland),Sverige
elfborgs læn sverige,1,Älvsborg,Älvsborgs län (Dalsland),Sverige
elfsborg län sverige,1,Elfsborg,Älvsborgs län (Dalsland),Sverige
elfsborgs len ant?? sværige,1,Elfsborgs,Älvsborgs län (Dalsland),Sverige
elsborgs len sverige,1,Elsborgs,Älvsborgs län (Dalsland),Sverige
erska sverige,1,Erska,Älvsborgs län (Dalsland),Sverige
forska sverige,1,Forska,Älvsborgs län (Dalsland),Sverige
fristad sverige,1,Fristad,Älvsborgs län (Dalsland),Sverige
frøskog sveriget,1,Fröskog,Älvsborgs län (Dalsland),Sverige
fargeland sogn,1,Fargeland,Älvsborgs län (Dalsland),Sverige
fergelanda,1,Färgelanda,Älvsborgs län (Dalsland),Sverige
færgelanda sverige,1,Färgelanda,Älvsborgs län (Dalsland),Sverige
gasiberg i dalsland sverige,1,Dalsland,Älvsborgs län (Dalsland),Sverige
greppered forsamlin sverige,1,Greppered,Älvsborgs län (Dalsland),Sverige
heselskog elfsborgs læn sverige,1,Elfsborgs,Älvsborgs län (Dalsland),Sverige
hoff sogn elfsborg län sverige,1,Elfsborg,Älvsborgs län (Dalsland),Sverige
ilsäter tinglanda sverige,1,Ilsäter,Älvsborgs län (Dalsland),Sverige
marks herred elsborgs læn sverige,1,Elsborgs,Älvsborgs län (Dalsland),Sverige
rogstad sverige,1,Rogstad,Älvsborgs län (Dalsland),Sverige
rongedala boraas sverige,1,Sverige (uspesifisert),Älvsborgs län (Dalsland),Sverige
rur sverige,1,Rur,Älvsborgs län (Dalsland),Sverige
rüer socken sverige,1,Rüer,Älvsborgs län (Dalsland),Sverige
sanne sognet sverige,1,Sanne,Älvsborgs län (Dalsland),Sverige
sanne sverige,1,Sanne,Älvsborgs län (Dalsland),Sverige
sverige engedahl,1,Engedal,Älvsborgs län (Dalsland),Sverige
venersborg sverge,1,Venersborg,Älvsborgs län (Dalsland),Sverige
vennersborg,1,Vennersborg,Älvsborgs län (Dalsland),Sverige
vennersborg sverige,1,Vennersborg,Älvsborgs län (Dalsland),Sverige
frendefor s,1,Frendefors,Älvsborgs län (Dalsland),Sverige
wenersborg,1,Wenersborg,Älvsborgs län (Dalsland),Sverige
wennersborg sverige,1,Wennersborg,Älvsborgs län (Dalsland),Sverige
ødeborgs sogn sverige,1,Ödeborg,Älvsborgs län (Dalsland),Sverige
friskog,1,Friskogsocken (Åmål),Älvsborgs län (Dalsland),Sverige
åmål,1,Åmål,Älvsborgs län (Dalsland),Sverige
bjerkeholt pr åmol sverige,1,Bjerkeholt (Åmål),Älvsborgs län (Dalsland),Sverige
åmål sverige,1,Åmål,Älvsborgs län (Dalsland),Sverige
åsaka socken sverige,1,Åsaka,Älvsborgs län (Dalsland),Sverige
backa waarvik sverige,1,Backa (Vårvik),Älvsborgs län (Dalsland),Sverige
billingfors sverige,1,Billingsfors,Älvsborgs län (Dalsland),Sverige
billingsfors sverige,1,Billingsfors,Älvsborgs län (Dalsland),Sverige
bekkefors,1,Bekkefors,Älvsborgs län (Dalsland),Sverige
bækkefors sverige,1,Bækkefor,Älvsborgs län (Dalsland),Sverige
ed sogn sverige,1,Ed,Älvsborgs län (Dalsland),Sverige
ed sogn i sverige,1,Ed,Älvsborgs län (Dalsland),Sverige
ed sogn,1,Ed,Älvsborgs län (Dalsland),Sverige
dalsed,1,Dalsed,Älvsborgs län (Dalsland),Sverige
dalsed sverget,1,Dalsed,Älvsborgs län (Dalsland),Sverige
dalsed sogn sverige,1,Dalsed,Älvsborgs län (Dalsland),Sverige
ed sogn dahlsland,1,Ed,Älvsborgs län (Dalsland),Sverige
ed dalalen,1,Dals-Ed,Älvsborgs län (Dalsland),Sverige
ed sokken dalsland,1,Ed,Älvsborgs län (Dalsland),Sverige
ed dalsland,1,Dals-Ed,Älvsborgs län (Dalsland),Sverige
ed soken sverige,1,Ed,Älvsborgs län (Dalsland),Sverige
ed sverige t,1,Ed,Älvsborgs län (Dalsland),Sverige
edsogn sverige,1,Ed (Dals-Ed),Älvsborgs län (Dalsland),Sverige
dalskog elfsborg len sverige,1,Dalskog,Älvsborgs län (Dalsland),Sverige
ertmark dalsland,1,Ertemark,Älvsborgs län (Dalsland),Sverige
ertmark førsamling elsborgs län sverige,1,Ertmark,Älvsborgs län (Dalsland),Sverige
ertmerk s,1,Ertemark,Älvsborgs län (Dalsland),Sverige
fröskog elsfsborg sverige,1,Fröskog,Älvsborgs län (Dalsland),Sverige
frøskog sverige,1,Frøskog,Älvsborgs län (Dalsland),Sverige
gisæter sverige,1,Gisäter,Älvsborgs län (Dalsland),Sverige
gunnarsnæs socken sverige,1,Gunnarsnæ,Älvsborgs län (Dalsland),Sverige
gunnersnæs sverige,1,Gunnersnæ,Älvsborgs län (Dalsland),Sverige
gustafsfors sverige,1,Gustafsfor,Älvsborgs län (Dalsland),Sverige
gustavfors,1,Gustavfors,Älvsborgs län (Dalsland),Sverige
hede sogn,1,Hede,Älvsborgs län (Dalsland),Sverige
hede sverige,1,Hede,Älvsborgs län (Dalsland),Sverige
hobel sverige,1,Hobel,Älvsborgs län (Dalsland),Sverige
hobøl dalsland,1,Håbol,Älvsborgs län (Dalsland),Sverige
hobaal sokken dalsland,1,Håbol,Älvsborgs län (Dalsland),Sverige
holm sogn,1,Holm,Älvsborgs län (Dalsland),Sverige
holm præstegj sverige,1,Holm,Älvsborgs län (Dalsland),Sverige
holm s elfsborgs læn sverige,1,Holm,Älvsborgs län (Dalsland),Sverige
holm sverige,1,Holm,Älvsborgs län (Dalsland),Sverige
holmedal sverige,1,Holmedal,Älvsborgs län (Dalsland),Sverige
holms,1,Holms,Älvsborgs län (Dalsland),Sverige
holms sokn sverige,1,Holm,Älvsborgs län (Dalsland),Sverige
holms sogn sverige jerns sogn,1,Holm,Älvsborgs län (Dalsland),Sverige
høgseter posterat,1,Högsäter,Älvsborgs län (Dalsland),Sverige
høgsæt sogn i sverige,1,Høgsæt,Älvsborgs län (Dalsland),Sverige
høgsæt sogn sverige,1,Høgsæt,Älvsborgs län (Dalsland),Sverige
høgsæter,1,Høgsæter,Älvsborgs län (Dalsland),Sverige
høgsæter s,1,Høgsæter,Älvsborgs län (Dalsland),Sverige
høgsæter sverige,1,Høgsæter,Älvsborgs län (Dalsland),Sverige
høisæte,1,Høisæte,Älvsborgs län (Dalsland),Sverige
håbol,1,Håbol,Älvsborgs län (Dalsland),Sverige
håbol sverige,1,Håbol,Älvsborgs län (Dalsland),Sverige
håbøl sockn sverige,1,Håbol,Älvsborgs län (Dalsland),Sverige
håbøl sverige,1,Håbol,Älvsborgs län (Dalsland),Sverige
haabøl sogn sverige,1,Håbol,Älvsborgs län (Dalsland),Sverige
håbøl sverrige,1,Håbol,Älvsborgs län (Dalsland),Sverige
haabølsg sverige,1,Håbol,Älvsborgs län (Dalsland),Sverige
jerbo s elfsborgs læn sverige,1,Jerbo,Älvsborgs län (Dalsland),Sverige
jerbo sverige,1,Jerbo,Älvsborgs län (Dalsland),Sverige
jesets sogn sverige,1,Jesets,Älvsborgs län (Dalsland),Sverige
jesæter sogn sverige,1,Jesäter,Älvsborgs län (Dalsland),Sverige
ed førsaml kalmar læn sverige,1,Ed,Älvsborgs län (Dalsland),Sverige
lagseby dasland,1,Lagseby,Älvsborgs län (Dalsland),Sverige
lenarfors sverige,1,Lenartsfors,Älvsborgs län (Dalsland),Sverige
lenarsfors sverige,1,Lenartsfors,Älvsborgs län (Dalsland),Sverige
braaten lerdal sverige,1,Lerdal,Älvsborgs län (Dalsland),Sverige
lerdal dalsland,1,Lerdal,Älvsborgs län (Dalsland),Sverige
lerdalen dalsland sverige,1,Lerdalen,Älvsborgs län (Dalsland),Sverige
lerdals sogn swerige,1,Lerdal,Älvsborgs län (Dalsland),Sverige
nosmark sogn sverige,1,Nosmark,Älvsborgs län (Dalsland),Sverige
næssemärken sverige,1,Nössemark,Älvsborgs län (Dalsland),Sverige
nøsemark song sverige,1,Nøsemark,Älvsborgs län (Dalsland),Sverige
nøsemarken sverge,1,Nössemark,Älvsborgs län (Dalsland),Sverige
nössemark,1,Nössemark,Älvsborgs län (Dalsland),Sverige
nøssemarke sverige,1,Nössemark,Älvsborgs län (Dalsland),Sverige
nøssemærk sokken dalsland,1,Nøssemærk,Älvsborgs län (Dalsland),Sverige
rolanda,1,Rolanda,Älvsborgs län (Dalsland),Sverige
ryr i sverige,1,Ryr,Älvsborgs län (Dalsland),Sverige
ryrs sogn dalslan sverige,1,Ryr,Älvsborgs län (Dalsland),Sverige
røland sogn,1,Rölanda,Älvsborgs län (Dalsland),Sverige
røland sverige,1,Rölanda,Älvsborgs län (Dalsland),Sverige
rølanda dalsland,1,Rølanda,Älvsborgs län (Dalsland),Sverige
rølanda i sverige,1,Rølanda,Älvsborgs län (Dalsland),Sverige
silerud sogn sverige,1,Silerud,Älvsborgs län (Dalsland),Sverige
silrud sverige,1,Silrud,Älvsborgs län (Dalsland),Sverige
skenhall trankilsågn,1,Skenhall,Älvsborgs län (Dalsland),Sverige
skollerud,1,Skollerud,Älvsborgs län (Dalsland),Sverige
skollerud elborgs læn sverige,1,Skollerud,Älvsborgs län (Dalsland),Sverige
skållerud sogn,1,Skållerud,Älvsborgs län (Dalsland),Sverige
stenby dalsland,1,Stenby,Älvsborgs län (Dalsland),Sverige
stenby socken sverige,1,Stenby,Älvsborgs län (Dalsland),Sverige
steneby,1,Steneby,Älvsborgs län (Dalsland),Sverige
steneby soken sverige,1,Steneby,Älvsborgs län (Dalsland),Sverige
steneby sogn sverige,1,Steneby,Älvsborgs län (Dalsland),Sverige
sverige mellerud,1,Mellerud,Älvsborgs län (Dalsland),Sverige
tidselskog sverige,1,Tisselskog,Älvsborgs län (Dalsland),Sverige
toftedal svrege,1,Toftedal,Älvsborgs län (Dalsland),Sverige
tofvedal sverige,1,Tofvedal,Älvsborgs län (Dalsland),Sverige
torsko socken,1,Torsko,Älvsborgs län (Dalsland),Sverige
torsko sogn,1,Torsko,Älvsborgs län (Dalsland),Sverige
torskog sogn dalslan sverige,1,Torskog,Älvsborgs län (Dalsland),Sverige
torskog sverige,1,Torskog,Älvsborgs län (Dalsland),Sverige
trankil sogn,1,Trankil,Älvsborgs län (Dalsland),Sverige
trankil,1,Trankil,Älvsborgs län (Dalsland),Sverige
trankil sverige,1,Trankil,Älvsborgs län (Dalsland),Sverige
trankil sogn sverige,1,Trankil,Älvsborgs län (Dalsland),Sverige
trankils socken sverige,1,Trankil,Älvsborgs län (Dalsland),Sverige
trankils sogn sverige,1,Trankil,Älvsborgs län (Dalsland),Sverige
trankjl sverige,1,Trankil,Älvsborgs län (Dalsland),Sverige
tøftedal sogn,1,Tøftedal,Älvsborgs län (Dalsland),Sverige
tøftedal,1,Tøftedal,Älvsborgs län (Dalsland),Sverige
tøftedal i sverige,1,Tøftedal,Älvsborgs län (Dalsland),Sverige
tøftedal sogn sverige,1,Tøftedal,Älvsborgs län (Dalsland),Sverige
tøftedalen sogn,1,Tøftedalen,Älvsborgs län (Dalsland),Sverige
tørskog sverige,1,Torskog,Älvsborgs län (Dalsland),Sverige
vestra ed sverige,1,Ed,Älvsborgs län (Dalsland),Sverige
væstra ed sverige,1,Ed,Älvsborgs län (Dalsland),Sverige
vaarvig sverige,1,Vårvik,Älvsborgs län (Dalsland),Sverige
vårvik sverige,1,Vårvik,Älvsborgs län (Dalsland),Sverige
wedbod hæred dalsland,1,Wedbod Hæred,Älvsborgs län (Dalsland),Sverige
wene ryr sverige,1,Ryr,Älvsborgs län (Dalsland),Sverige
westre ed sverige,1,Ed,Älvsborgs län (Dalsland),Sverige
waarvik,1,Vårvik,Älvsborgs län (Dalsland),Sverige
ånimskog sverige,1,Ånimskog,Älvsborgs län (Dalsland),Sverige
årnemskog sogn sverige,1,Ånimskog,Älvsborgs län (Dalsland),Sverige
askersund sverige,1,Askersund,Örebro län,Sverige
karlskoga sverige,1,Karlskoga,Örebro län,Sverige
ørebro län,1,Ørebro,Örebro län,Sverige
norkjøping sverige,1,Norkjøping,Östergötlands län,Sverige
norrkøping sverige,1,Norrkøping,Östergötlands län,Sverige
odeshøg,1,Ödeshög,Östergötlands län,Sverige
?,1,Ukjent,,Ukjent
algier,1,Fransk Algerie,,Fransk Algerie
breda i holland,1,Nederland,,Nederland
falkenstein tyskland,1,Det tyske keiserrike,,Det tyske keiserrike
hamburg,1,Det tyske keiserrike,,Det tyske keiserrike
hamburg i rheinpfatz,1,Det tyske keiserrike,,Det tyske keiserrike
hannover,1,Det tyske keiserrike,,Det tyske keiserrike
holsten,1,Det tyske keiserrike,,Det tyske keiserrike
horsen danmark,1,Danmark,,Danmark
haabol sverige,1,Finland,,Finland
italien,1,Italia,,Italia
kalunborg,1,Kalunborg,,Danmark
kjøbenhavn danmark,1,Danmark,,Danmark
kjøbenhavn i danmark,1,Danmark,,Danmark
køln,1,Det tyske keiserrike,,Det tyske keiserrike
magdeburg tyskland,1,Det tyske keiserrike,,Det tyske keiserrike
mainz tyskl,1,Det tyske keiserrike,,Det tyske keiserrike
fød maywood see?? north america,1,USA,,USA
münchen,1,Det tyske keiserrike,,Det tyske keiserrike
n sverige,1,Sverige (uspesifisert),,Sverige
nestved danmark,1,Danmark,,Danmark
neubrandenburg mechlenburg,1,Det tyske keiserrike,,Det tyske keiserrike
st petersburg,1,Det russiske keiserdømmet,,Det russiske keiserdømmet
preusen,1,Preusen,,Det tyske keiserrike
rye sogn,1,Danmark,,Danmark
sarlat frankrig,1,Frankrike,,Frankrike
sibirien,1,Sibir,,Det russiske keiserdømmet
skive danmark,1,Danmark,,Danmark
stendal,1,Stendal,,Det tyske keiserrike
sveirge,1,Sverige (uspesifisert),,Sverige
svensk!!,1,Sverige (uspesifisert),,Sverige
sverg,1,Sverige (uspesifisert),,Sverige
sverie,1,Sverige (uspesifisert),,Sverige
sverige t,1,Sverige (uspesifisert),,Sverige
søkendal,1,Søkendal,,Ukjent
sørø,1,Sørø,,Danmark
t sverge,1,Sverige (uspesifisert),,Sverige
t sverige,1,Sverige (uspesifisert),,Sverige
tofteberg,1,Tofteberg,,Ukjent
tydskland,1,Tyskland,,Det tyske keiserrike
v,1,Ukjent,,Ukjent
vasa finland,1,Finland,,Finland
wederlaz finland,1,Finland,,Finland
wurtenberg,1,Det tyske keiserrike,,Det tyske keiserrike
x a,1,Ukjent,,Ukjent
østeberg,1,Østeberg,,Ukjent
aabo finland,1,Finland,,Finland
aalborg,1,Danmark,,Danmark